pid,Assembly_No,Poll_No,Year,Candidate,Candidate_Type,State_Name,Constituency_Name,Party,Last_Party,Votes,Sex,Position,Contested,Turncoat,Incumbent,Vote_Share_Percentage,Margin,Margin_Percentage,Age,Terms,Terms_Contested
AEAS186789,14,0,2016,RAJIB BISWAS,SC,Assam,RATABARI,AIUDF,,23926,M,3,1,FALSE,FALSE,21.25,23018,20.44,37,,1
AEAS186801,14,0,2016,KRISHNENDU PAUL,GEN,Assam,PATHARKANDI,BJP,,46544,M,1,1,FALSE,FALSE,37.94,9268,7.55,42,1,1
AEAS186802,14,0,2016,DEBENDRA KUMAR SINHA,GEN,Assam,PATHARKANDI,AIUDF,,37276,M,2,1,FALSE,FALSE,30.38,5228,4.26,62,,1
AEAS186814,14,0,2016,SAHABUL ISLAM CHOUDHURY,GEN,Assam,KARIMGANJ NORTH,AIUDF,,34207,M,3,1,FALSE,FALSE,26.16,32503,24.85,47,,1
AEAS186827,14,0,2016,AZIZ AHMED KHAN,GEN,Assam,KARIMGANJ SOUTH,AIUDF,,58060,M,1,1,FALSE,FALSE,45.2,4416,3.44,38,1,1
AEAS186853,14,0,2016,ABDUL AZIZ,GEN,Assam,BADARPUR,AIUDF,,36178,M,2,1,FALSE,FALSE,32.15,484,0.43,48,,1
AEAS186864,14,0,2016,ANWAR HUSSAIN LASKAR,GEN,Assam,HAILAKANDI,AIUDF,,41647,M,1,1,FALSE,FALSE,36.86,2608,2.31,45,1,1
AEAS186865,14,0,2016,SOUMYAJIT DUTTA CHOUDHURY,GEN,Assam,HAILAKANDI,BJP,,39039,M,2,1,FALSE,FALSE,34.55,23406,20.71,38,,1
AEAS186867,14,0,2016,ANAM UDDIN LASKAR,GEN,Assam,HAILAKANDI,INC,,9287,M,4,1,FALSE,FALSE,8.22,8168,7.23,45,,1
AEAS186889,10,0,1996,RAJ KUMAR DAS,,Assam,KATLICHERRA,IND,,34,M,16,2,FALSE,FALSE,0.04,0,0,,,2
AEAS186889,14,0,2016,RAJ KUMAR DAS,GEN,Assam,KATLICHERRA,BJP,IND,32164,M,3,2,FALSE,FALSE,25.77,31233,25.02,51,,2
AEAS186891,11,0,2001,SUZAM UDDIN LASKAR,,Assam,KATLICHERRA,IND,,10891,M,4,4,FALSE,FALSE,12.51,10599,12.18,,1,3
AEAS186891,12,0,2006,SAMS UDDIN LASKAR,GEN,Assam,KATLICHERRA,IND,IND,516,M,11,4,FALSE,FALSE,0.55,87,0.09,25,1,3
AEAS186891,14,0,2016,SUZAM UDDIN LASKAR,GEN,Assam,KATLICHERRA,AIUDF,IND,50676,M,1,4,FALSE,FALSE,40.6,15084,12.08,49,1,3
AEAS186891,14,0,2016,SUZAM UDDIN LASKAR,GEN,Assam,KATLICHERRA,IND,AIUDF,782,M,6,4,FALSE,FALSE,0.63,27,0.02,26,1,3
AEAS186900,14,0,2016,NIZAM UDDIN CHOUDHURY,GEN,Assam,ALGAPUR,AIUDF,,50531,M,1,1,FALSE,FALSE,42.32,17754,14.87,43,1,1
AEAS186901,14,0,2016,KAUSHIK RAI,GEN,Assam,ALGAPUR,BJP,,32777,M,2,1,FALSE,FALSE,27.45,6850,5.74,39,,1
AEAS186903,14,0,2016,MEHNAZ SAHID CHOUDHURY,GEN,Assam,ALGAPUR,AGP,,5822,F,4,1,FALSE,FALSE,4.88,5054,4.23,26,,1
AEAS186930,12,0,2006,ANAMUL HAQUE,GEN,Assam,SONAI,IND,,418,M,10,3,FALSE,FALSE,0.45,0,0,32,1,3
AEAS186930,13,0,2011,ANAMUL HAQUE,GEN,Assam,SONAI,INC,IND,63611,M,1,3,FALSE,FALSE,61.75,42028,40.8,62,1,3
AEAS186930,14,0,2016,ANAMUL HAQUE,GEN,Assam,SONAI,INC,INC,36683,M,2,3,FALSE,TRUE,29.71,4574,3.7,66,1,3
AEAS186931,14,0,2016,KARIM UDDIN BARBHUIYA,GEN,Assam,SONAI,AIUDF,,32109,M,3,1,FALSE,FALSE,26.01,29122,23.59,46,,1
AEAS186942,10,0,1996,GIRINDRA MALLIK,,Assam,DHOLAI,INC,,27032,M,1,4,FALSE,FALSE,35.49,3085,4.05,,2,4
AEAS186942,11,0,2001,GIRINDRA MALLIK,,Assam,DHOLAI,INC,INC,16241,M,3,4,FALSE,TRUE,21.46,9291,12.28,,2,4
AEAS186942,13,0,2011,GIRINDRA MALLIK,SC,Assam,DHOLAI,INC,INC,52734,M,1,4,FALSE,FALSE,51.26,14370,13.97,72,2,4
AEAS186942,14,0,2016,GIRINDRA MALLIK,SC,Assam,DHOLAI,INC,INC,41857,M,2,4,FALSE,TRUE,32.62,28475,22.19,77,2,4
AEAS186943,14,0,2016,LALTA PROSAD MALA,SC,Assam,DHOLAI,AIUDF,,13382,M,3,1,FALSE,FALSE,10.43,11272,8.79,61,,1
AEAS186946,13,0,2011,MIHIR KANTI SHOME,GEN,Assam,UDHARBOND,IND,,11329,M,3,2,FALSE,FALSE,12.26,5720,6.19,45,1,2
AEAS186946,14,0,2016,MIHIR KANTI SHOME,GEN,Assam,UDHARBOND,BJP,IND,54204,M,1,2,FALSE,FALSE,48.33,8606,7.67,49,1,2
AEAS186948,14,0,2016,LIAKAT ALI LASKAR,GEN,Assam,UDHARBOND,AIUDF,,8715,M,3,1,FALSE,FALSE,7.77,6970,6.21,56,,1
AEAS186953,14,0,2016,THOIBA SINGHA,GEN,Assam,LAKHIPUR,BJP,,35768,M,2,1,FALSE,FALSE,32.71,26845,24.55,41,,1
AEAS186959,14,0,2016,KISHOR NATH,GEN,Assam,BARKHOLA,BJP,,36482,M,1,1,FALSE,FALSE,34.9,42,0.04,51,1,1
AEAS186962,14,0,2016,JAHURUL ISLAM BARBHUIYA,GEN,Assam,BARKHOLA,AIUDF,,4051,M,4,1,FALSE,FALSE,3.88,1613,1.54,33,,1
AEAS186967,13,0,2011,AMAR CHAND JAIN,GEN,Assam,KATIGORA,IND,,12808,M,4,2,FALSE,FALSE,12.49,8916,8.7,54,1,2
AEAS186967,14,0,2016,AMAR CHAND JAIN,GEN,Assam,KATIGORA,BJP,IND,59764,M,1,2,FALSE,FALSE,44.04,8808,6.49,59,1,2
AEAS186968,14,0,2016,KHALIL UDDIN MAZUMDER,GEN,Assam,KATIGORA,AIUDF,,50956,M,2,1,FALSE,FALSE,37.55,34538,25.45,37,,1
AEAS186969,12,0,2006,ATAUR RAHMAN MAZARBHUIYA,GEN,Assam,KATIGORA,AUDF,,35406,M,1,3,FALSE,FALSE,37.09,14464,15.15,53,2,3
AEAS186969,13,0,2011,ATAUR RAHMAN MAZARBHUIYA,GEN,Assam,KATIGORA,AIUDF,AUDF,33226,M,1,3,TRUE,TRUE,32.41,6142,5.99,59,2,3
AEAS186969,14,0,2016,ATAUR RAHMAN MAZARBHUIYA,GEN,Assam,KATIGORA,INC,AIUDF,16418,M,3,3,TRUE,TRUE,12.1,14469,10.66,63,2,3
AEAS186981,14,0,2016,BIR BHADRA HAGJER,ST,Assam,HAFLONG,BJP,,52037,M,1,1,FALSE,FALSE,50.77,8306,8.1,65,1,1
AEAS186982,14,0,2016,NIRMAL LANGTHASA,ST,Assam,HAFLONG,INC,,43731,M,2,1,FALSE,FALSE,42.67,40838,39.84,42,,1
AEAS186984,14,0,2016,NEIKHOL HAOLAI CHANGSAN,ST,Assam,HAFLONG,AIUDF,,2723,F,4,1,FALSE,FALSE,2.66,1612,1.57,42,,1
AEAS186985,14,0,2016,NUMAL MOMIN,ST,Assam,BOKAJAN,BJP,,40170,M,1,1,FALSE,FALSE,37.49,4744,4.43,43,1,1
AEAS186994,14,0,2016,SUM RONGHANG,ST,Assam,DIPHU,BJP,,64421,M,1,1,FALSE,FALSE,46.59,28236,20.42,53,1,1
AEAS187003,12,0,2006,DR.MANSING RONGPI,ST,Assam,BAITHALANGSO,INC,,39736,M,1,4,FALSE,FALSE,33.24,8848,7.4,48,3,3
AEAS187003,13,0,2011,MANSING RONGPI,ST,Assam,BAITHALANGSO,INC,INC,64059,M,1,4,FALSE,TRUE,49.49,9338,7.21,53,3,3
AEAS187003,14,0,2016,DR.MANSING RONGPI,ST,Assam,BAITHALANGSO,INC,INC,62596,M,1,4,FALSE,TRUE,42.84,9519,6.51,57,3,3
AEAS187003,14,1,2016,Dr. Mansing Rongpi,,Assam,BAITHALANGSO,BJP,INC,72160,M,1,4,TRUE,TRUE,54.96,16600,12.64,,3,3
AEAS187007,14,0,2016,MD. AMINUL ISLAM,GEN,Assam,MANKACHAR,AIUDF,,49868,M,2,1,FALSE,FALSE,29.06,1510,0.88,41,,1
AEAS187016,14,0,2016,SHIRAJ HUSSAIN,GEN,Assam,SALMARA SOUTH,BJP,,1954,M,3,1,FALSE,FALSE,1.33,801,0.54,28,,1
AEAS187018,14,0,2016,NAJRUL HOQUE,GEN,Assam,DHUBRI,AIUDF,,60933,M,1,1,FALSE,FALSE,40.08,24086,15.84,46,1,1
AEAS187019,9,0,1991,NAZIBUL UMAR,,Assam,DHUBRI,INC,,11742,M,3,6,FALSE,FALSE,16.61,5692,8.05,,2,6
AEAS187019,10,0,1996,NAZIBUL UMAR,,Assam,DHUBRI,INC,INC,30806,M,1,6,FALSE,FALSE,39.13,6904,8.77,,2,6
AEAS187019,11,0,2001,NAZIBUL UMAR.,,Assam,DHUBRI,INC,INC,45113,M,1,6,FALSE,TRUE,51.21,17331,19.67,,2,6
AEAS187019,12,0,2006,NAZIBUL UMAR,GEN,Assam,DHUBRI,INC,INC,5575,M,2,6,FALSE,TRUE,24.74,2973,13.19,59,2,6
AEAS187019,13,0,2011,NAZIBUL UMAR,GEN,Assam,DHUBRI,INC,INC,46455,M,2,6,FALSE,FALSE,37.12,28154,22.5,64,2,6
AEAS187019,14,0,2016,NAZIBUL UMAR,GEN,Assam,DHUBRI,IND,INC,36847,M,2,6,FALSE,FALSE,24.24,3199,2.1,69,2,6
AEAS187021,14,0,2016,ABEDUR ZAMAN,GEN,Assam,DHUBRI,INC,,13126,M,4,1,FALSE,FALSE,8.63,9640,6.34,33,,1
AEAS187030,14,0,2016,SUSHIL KUMAR ROY,GEN,Assam,GAURIPUR,INC,,23102,M,3,1,FALSE,FALSE,14.37,17682,11,60,,1
AEAS187039,13,0,2011,ASWINI ROY SARKAR,GEN,Assam,GOLAKGANJ,BJP,,55312,M,2,2,FALSE,FALSE,40.98,39790,29.48,38,1,2
AEAS187039,14,0,2016,ASHWINI RAY SARKAR,GEN,Assam,GOLAKGANJ,BJP,BJP,74644,M,1,2,FALSE,FALSE,46.2,6391,3.96,44,1,2
AEAS187040,14,0,2016,ABDUS SOBAHAN ALI SARKAR,GEN,Assam,GOLAKGANJ,INC,,68253,M,2,1,FALSE,FALSE,42.25,51410,31.82,40,,1
AEAS187045,14,0,2016,SABANA AKTAR,GEN,Assam,BILASIPARA WEST,INC,,25515,F,3,1,FALSE,FALSE,18.55,10827,7.87,43,,1
AEAS187046,14,0,2016,ALI AZOM SHEIKH,GEN,Assam,BILASIPARA WEST,AGP,,14688,M,4,1,FALSE,FALSE,10.68,7896,5.74,60,,1
AEAS187057,14,0,2016,ASHOK KUMAR SINGHI,GEN,Assam,BILASIPARA EAST,BJP,,59206,M,1,1,FALSE,FALSE,35.3,5096,3.04,52,1,1
AEAS187058,14,0,2016,AMRIT BADSHA,GEN,Assam,BILASIPARA EAST,INC,,54110,M,2,1,FALSE,FALSE,32.26,10897,6.5,33,,1
AEAS187059,14,0,2016,MOSHLEM UDDIN CHOUDHURY,GEN,Assam,BILASIPARA EAST,AIUDF,,43213,M,3,1,FALSE,FALSE,25.76,38272,22.82,46,,1
AEAS187070,14,0,2016,RAVI SANKAR KASIREDDY,GEN,Assam,GOSSALGAON,AIUDF,,39476,M,2,1,FALSE,FALSE,27.69,7289,5.11,40,,1
AEAS187077,14,0,2016,DAHIT CHANDRA BRAHMA,ST,Assam,KOKRAJHAR WEST,AIUDF,,47083,M,2,1,FALSE,FALSE,33.41,28454,20.19,40,,1
AEAS187087,14,0,2016,PRATIBHA BRAHMA,ST,Assam,KOKRAJHAR EAST,IND,,36405,F,2,1,FALSE,FALSE,26.34,23817,17.23,48,,1
AEAS187088,14,0,2016,MANU BORGAYARY,ST,Assam,KOKRAJHAR EAST,AIUDF,,12588,M,3,1,FALSE,FALSE,9.11,5594,4.05,35,,1
AEAS187092,12,0,2006,CHANDAN BRAHMA,ST,Assam,SIDLI,IND,,57156,M,1,3,FALSE,FALSE,48.64,5653,4.81,35,3,3
AEAS187092,13,0,2011,CHANDAN BRAHMA,ST,Assam,SIDLI,BOPF,IND,68127,M,1,3,FALSE,TRUE,54.56,36881,29.54,41,3,3
AEAS187092,14,0,2016,CHANDAN BRAHMA,ST,Assam,SIDLI,BOPF,BOPF,66037,M,1,3,FALSE,TRUE,42,8988,5.72,46,3,3
AEAS187093,14,0,2016,RWNGWRA NARZARY,ST,Assam,SIDLI,IND,,57049,M,2,1,FALSE,FALSE,36.28,35448,22.54,46,,1
AEAS187095,14,0,2016,PANKAJ ISLARY,ST,Assam,SIDLI,AIUDF,,8083,M,4,1,FALSE,FALSE,5.14,5154,3.28,51,,1
AEAS187098,14,0,2016,SHANKAR PRASAD RAY,GEN,Assam,BONGAIGAON,INC,,45972,M,2,1,FALSE,FALSE,33.33,38885,28.19,47,,1
AEAS187105,14,0,2016,AJAY KUMAR RAY,SC,Assam,BIJNI,BGANP,,27562,M,2,1,FALSE,FALSE,23.09,8212,6.88,29,,1
AEAS187107,14,0,2016,KAMALESWAR RAY,GEN,Assam,BIJNI,AIUDF,,18197,M,4,1,FALSE,FALSE,15.25,5578,4.67,43,,1
AEAS187110,14,0,2016,BISWAJIT RAY,GEN,Assam,BIJNI,INC,,3861,M,7,1,FALSE,FALSE,3.23,2555,2.14,42,,1
AEAS187112,8,0,1985,ABDUL HAI NAGARI,,Assam,ABHAYAPURI NORTH,INC,,1690,M,5,7,FALSE,FALSE,3.14,1058,1.97,,2,7
AEAS187112,9,0,1991,ABDUL HAI NAGORI,,Assam,ABHAYAPURI NORTH,INC,INC,13044,M,2,7,FALSE,FALSE,21.53,1006,1.66,,2,7
AEAS187112,10,0,1996,ABDUL HAI NAGORI,,Assam,ABHAYAPURI NORTH,UMFA,INC,32773,M,2,7,TRUE,FALSE,46.1,31300,44.03,,2,7
AEAS187112,11,0,2001,ABDUL HAI NAGARI,,Assam,ABHAYAPURI NORTH,IND,UMFA,32774,M,2,7,FALSE,FALSE,41.45,26620,33.66,,2,7
AEAS187112,12,0,2006,ABDUL HAI NAGORI,GEN,Assam,ABHAYAPURI NORTH,INC,IND,48977,M,1,7,FALSE,FALSE,51.44,11447,12.02,50,2,7
AEAS187112,13,0,2011,ABDUL HAI NAGORI,GEN,Assam,ABHAYAPURI NORTH,INC,INC,36574,M,2,7,FALSE,TRUE,34.85,16879,16.09,56,2,7
AEAS187112,14,0,2016,ABDUL HAI NAGORI,GEN,Assam,ABHAYAPURI NORTH,INC,INC,48354,M,1,7,FALSE,FALSE,35.38,2143,1.57,62,2,7
AEAS187114,14,0,2016,ABDUL BATIN KHANDAKAR,GEN,Assam,ABHAYAPURI NORTH,AIUDF,,32699,M,3,1,FALSE,FALSE,23.92,28731,21.02,48,,1
AEAS187119,14,0,2016,ANANTA KUMAR MALO,SC,Assam,ABHAYAPURI SOUTH,AIUDF,,51525,M,1,1,FALSE,FALSE,32.5,191,0.12,60,1,1
AEAS187120,9,0,1991,CHANDAN KUMAR SARKAR,,Assam,ABHAYAPURI SOUTH,INC,,22311,M,1,6,FALSE,FALSE,32.58,693,1.01,,3,6
AEAS187120,10,0,1996,CHANDAN KUMAR SARKAR,,Assam,ABHAYAPURI SOUTH,INC,INC,16977,M,2,6,FALSE,TRUE,22.24,5349,7.01,,3,6
AEAS187120,11,0,2001,CHANDAN KUMAR SARKAR,,Assam,ABHAYAPURI SOUTH,INC,INC,45318,M,1,6,FALSE,FALSE,50.02,3633,4.01,,3,6
AEAS187120,12,0,2006,CHANDAN KUMAR SARKAR,SC,Assam,ABHAYAPURI SOUTH,INC,INC,26638,M,3,6,FALSE,TRUE,25.28,21762,20.66,49,3,6
AEAS187120,13,0,2011,CHANDAN KUMAR SARKAR,SC,Assam,ABHAYAPURI SOUTH,INC,INC,51510,M,1,6,FALSE,FALSE,42.24,15889,13.03,54,3,6
AEAS187120,14,0,2016,CHANDAN KUMAR SARKAR,SC,Assam,ABHAYAPURI SOUTH,INC,INC,51334,M,2,6,FALSE,TRUE,32.38,377,0.24,59,3,6
AEAS187125,14,0,2016,DIPAK KUMAR RABHA,ST,Assam,DUDHNAI,BJP,,79983,M,1,1,FALSE,FALSE,49.97,28667,17.91,41,1,1
AEAS187127,14,0,2016,MEERA BASUMATARY,ST,Assam,DUDHNAI,AIUDF,,11305,F,3,1,FALSE,FALSE,7.06,4027,2.52,36,,1
AEAS187135,14,0,2016,ABUL KALAM RASHEED ALAM,GEN,Assam,GOALPARA EAST,INC,,57374,M,1,1,FALSE,FALSE,33.51,2581,1.51,44,1,1
AEAS187136,14,0,2016,GAURANGA PRASAD DAS,GEN,Assam,GOALPARA EAST,BJP,,54793,M,2,1,FALSE,FALSE,32,27015,15.78,61,,1
AEAS187150,14,0,2016,JABEEN BARBHUIYAN,GEN,Assam,GOALPARA WEST,BJP,,32432,F,3,1,FALSE,FALSE,23.8,31278,22.95,56,,1
AEAS187151,14,0,2016,ANOWAR HUSSAIN,GEN,Assam,GOALPARA WEST,AGP,,1154,M,4,1,FALSE,FALSE,0.85,138,0.1,47,,1
AEAS187163,14,0,2016,ABDUR RAHIM ZIBRAN,GEN,Assam,JALESWAR,BJP,,11535,M,3,1,FALSE,FALSE,8.99,4968,3.87,32,,1
AEAS187164,14,0,2016,ABUL FAZAL NASIR UDDIN MOLLAH,GEN,Assam,JALESWAR,INC,,6567,M,4,1,FALSE,FALSE,5.12,5134,4,38,,1
AEAS187169,13,0,2011,RANJEET KUMAR DASS,GEN,Assam,SORBHOG,BJP,,40716,M,1,2,FALSE,FALSE,31.25,19182,14.72,45,2,2
AEAS187169,14,0,2016,RANJEET KUMAR DASS,GEN,Assam,SORBHOG,BJP,BJP,56454,M,1,2,FALSE,TRUE,33.34,19526,11.53,50,2,2
AEAS187170,14,0,2016,ANURUPA HANNAN,GEN,Assam,SORBHOG,INC,,36928,F,2,1,FALSE,FALSE,21.81,7846,4.63,47,,1
AEAS187185,14,0,2016,MANOJ BARUAH,GEN,Assam,BHABANIPUR,BJP,,22380,M,3,1,FALSE,FALSE,20.29,7880,7.15,43,,1
AEAS187188,14,0,2016,RAJIB DAS,GEN,Assam,BHABANIPUR,INC,,6620,M,6,1,FALSE,FALSE,6,5699,5.17,44,,1
AEAS187195,10,0,1996,PABINDRA DEKA,,Assam,PATACHARKUCHI,INC,,6148,M,2,5,FALSE,FALSE,9.44,295,0.45,,2,5
AEAS187195,11,0,2001,PABINDRA DEKA,,Assam,PATACHARKUCHI,IND,INC,16586,M,1,5,FALSE,FALSE,21.98,99,0.13,,2,5
AEAS187195,12,0,2006,PABINDRA DEKA,GEN,Assam,PATACHARKUCHI,IND,IND,7129,M,3,5,FALSE,TRUE,18.86,1336,3.54,55,2,5
AEAS187195,13,0,2011,PABINDRA DEKA,GEN,Assam,PATACHARKUCHI,AGP,IND,26248,M,2,5,FALSE,FALSE,29.76,7830,8.88,60,2,5
AEAS187195,14,0,2016,PABINDRA DEKA,GEN,Assam,PATACHARKUCHI,AGP,AGP,64558,M,1,5,FALSE,FALSE,61.72,51976,49.69,65,2,5
AEAS187196,14,0,2016,SAILEN KALITA,GEN,Assam,PATACHARKUCHI,INC,,12582,M,2,1,FALSE,FALSE,12.03,276,0.26,33,,1
AEAS187204,14,0,2016,A.RAHIM AHMED,GEN,Assam,BARPETA,INC,,57753,M,2,1,FALSE,FALSE,35.4,20056,12.29,32,,1
AEAS187205,13,0,2011,ABDUR RAHIM KHAN,GEN,Assam,BARPETA,AIUDF,,56915,M,1,2,FALSE,FALSE,43.39,12309,9.38,43,1,2
AEAS187205,14,0,2016,ABDUR RAHIM KHAN,GEN,Assam,BARPETA,AIUDF,AIUDF,37697,M,3,2,FALSE,TRUE,23.11,36760,22.53,47,1,2
AEAS187210,12,0,2006,ABDUL KHALEQUE,GEN,Assam,JANIA,INC,,26706,M,1,3,FALSE,FALSE,27.27,90,0.09,31,2,3
AEAS187210,13,0,2011,ABDUL KHALEQUE,GEN,Assam,JANIA,INC,INC,42464,M,2,3,FALSE,TRUE,36.98,36014,31.36,36,2,3
AEAS187210,14,0,2016,ABDUL KHALEQUE,GEN,Assam,JANIA,INC,INC,86930,M,1,3,FALSE,FALSE,56.4,29736,19.29,41,2,3
AEAS187211,13,0,2011,RAFIQUL ISLAM,GEN,Assam,JANIA,AIUDF,,59978,M,1,2,FALSE,FALSE,52.23,17514,15.25,35,1,2
AEAS187211,14,0,2016,RAFIQUL ISLAM,GEN,Assam,JANIA,AIUDF,AIUDF,57194,M,2,2,FALSE,TRUE,37.11,51127,33.17,41,1,2
AEAS187212,14,0,2016,BENAZIR ARFAN,GEN,Assam,JANIA,BJP,,6067,F,3,1,FALSE,FALSE,3.94,4091,2.65,30,,1
AEAS187219,14,0,2016,ABDUL BARIK,GEN,Assam,BAGHBAR,BJP,,1418,M,4,1,FALSE,FALSE,1.11,396,0.31,31,,1
AEAS187225,14,0,2016,JAKIR HUSSAIN SIKDAR,GEN,Assam,SARUKHETRI,INC,,70062,M,1,1,FALSE,FALSE,45.06,24247,15.59,35,1,1
AEAS187226,14,0,2016,CHITTARANJAN BARMAN,GEN,Assam,SARUKHETRI,AGP,,45815,M,2,1,FALSE,FALSE,29.46,24355,15.66,40,,1
AEAS187227,13,0,2011,ALI HOSSAIN,GEN,Assam,SARUKHETRI,AIUDF,,51537,M,1,2,FALSE,FALSE,42.63,27622,22.85,49,1,2
AEAS187227,14,0,2016,ALI HOSSAIN,GEN,Assam,SARUKHETRI,AIUDF,AIUDF,21460,M,3,2,FALSE,TRUE,13.8,11837,7.61,53,1,2
AEAS187237,14,0,2016,MONOWARA KHATUN,GEN,Assam,CHENGA,AIUDF,,28525,F,2,1,FALSE,FALSE,25.98,2623,2.39,44,,1
AEAS187238,14,0,2016,GUNAJIT ADHIKARY,GEN,Assam,CHENGA,BJP,,25902,M,3,1,FALSE,FALSE,23.59,23712,21.59,47,,1
AEAS187241,14,0,2016,NANDITA DAS,SC,Assam,BOKO,INC,,69986,F,1,1,FALSE,FALSE,39.66,17594,9.97,46,1,1
AEAS187242,9,0,1991,JYOTI PRASAD DAS,,Assam,BOKO,NAGP,,25439,M,2,6,FALSE,FALSE,32.75,19665,25.32,,2,6
AEAS187242,10,0,1996,JYOTI PRASAD DAS,,Assam,BOKO,AGP,NAGP,49263,M,1,6,TRUE,FALSE,56.59,14271,16.39,,2,6
AEAS187242,11,0,2001,JYOTI PRASAD DAS,,Assam,BOKO,AGP,AGP,32798,M,2,6,FALSE,TRUE,33.08,26823,27.05,,2,6
AEAS187242,12,0,2006,JYOTI PRASAD DAS,SC,Assam,BOKO,AGP,AGP,61578,M,1,6,FALSE,FALSE,46.13,9141,6.85,51,2,6
AEAS187242,13,0,2011,JYOTI PRASAD DAS,SC,Assam,BOKO,AGP,AGP,24086,M,3,6,FALSE,TRUE,17.06,10768,7.63,47,2,6
AEAS187242,14,0,2016,JYOTI PRASAD DAS,SC,Assam,BOKO,AGP,AGP,52392,M,2,6,FALSE,FALSE,29.69,10054,5.7,54,2,6
AEAS187247,12,0,2006,REKIBUDDIN AHMED,GEN,Assam,CHAYGAON,INC,,43818,M,2,3,FALSE,FALSE,38.48,39117,34.35,32,2,3
AEAS187247,13,0,2011,REKIBUDDIN AHMED,GEN,Assam,CHAYGAON,INC,INC,64307,M,1,3,FALSE,FALSE,54.4,15593,13.19,37,2,3
AEAS187247,14,0,2016,REKIBUDDIN AHMED,GEN,Assam,CHAYGAON,INC,INC,72211,M,1,3,FALSE,TRUE,49.66,7821,5.38,42,2,3
AEAS187249,14,0,2016,DERAJUDDIN AHMED,GEN,Assam,CHAYGAON,AIUDF,,4984,M,3,1,FALSE,FALSE,3.43,2759,1.9,52,,1
AEAS187251,11,0,2001,PRANAB KALITA,,Assam,PALASBARI,IND,,30943,M,1,4,FALSE,FALSE,37.3,635,0.77,,3,4
AEAS187251,12,0,2006,PRANAB KALITA,GEN,Assam,PALASBARI,IND,IND,49789,M,1,4,FALSE,TRUE,47.25,11331,10.75,42,3,4
AEAS187251,13,0,2011,PRANAB KALITA,GEN,Assam,PALASBARI,IND,IND,36038,M,2,4,FALSE,TRUE,34.04,16045,15.16,51,3,4
AEAS187251,14,0,2016,PRANAB KALITA,GEN,Assam,PALASBARI,BJP,IND,75210,M,1,4,FALSE,FALSE,61.93,48742,40.14,55,3,4
AEAS187252,12,0,2006,NAVAJYOTI TALUKDAR,GEN,Assam,PALASBARI,NCP,,6811,M,4,2,FALSE,FALSE,6.46,5869,5.57,37,,2
AEAS187252,14,0,2016,NABAJYOTI TALUKDAR,GEN,Assam,PALASBARI,INC,NCP,26468,M,2,2,TRUE,FALSE,21.8,10713,8.82,47,,2
AEAS187258,14,0,2016,NIREN DEKA,GEN,Assam,JALUKBARI,INC,,32455,M,2,1,FALSE,FALSE,21.01,31381,20.31,41,,1
AEAS187282,14,0,2016,BOBBEETA SHARMA,GEN,Assam,GAUHATI EAST,INC,,30965,F,2,1,FALSE,FALSE,19.05,29677,18.25,48,,1
AEAS187294,14,0,2016,DR. JURY SHARMA BORDOLOI,GEN,Assam,GAUHATI WEST,INC,,42274,F,2,1,FALSE,FALSE,20.49,29877,14.48,39,,1
AEAS187306,14,0,2016,SUMAN HARIPRIYA,GEN,Assam,HAJO,BJP,,55096,F,1,1,FALSE,FALSE,40.76,8908,6.59,47,1,1
AEAS187307,14,0,2016,DULU AHMED,GEN,Assam,HAJO,INC,,46188,M,2,1,FALSE,FALSE,34.17,29580,21.88,41,,1
AEAS187310,14,0,2016,MUJIBUR RAHMAN,GEN,Assam,HAJO,AIUDF,,3567,M,5,1,FALSE,FALSE,2.64,2187,1.62,43,,1
AEAS187323,14,0,2016,PRANJIT CHOUDHURY,GEN,Assam,KAMALPUR,INC,,41261,M,2,1,FALSE,FALSE,30.46,34379,25.38,39,,1
AEAS187332,14,0,2016,BHABESH KALITA,GEN,Assam,RANGIYA,BJP,,58353,M,1,1,FALSE,FALSE,40.72,32067,22.38,44,1,1
AEAS187335,14,0,2016,ABDUL SAMAD CHOUDHURY,GEN,Assam,RANGIYA,AIUDF,,14411,M,4,1,FALSE,FALSE,10.06,2150,1.5,29,,1
AEAS187344,14,0,2016,RABINDRA BISWAS,SC,Assam,TAMULPUR,INC,,43084,M,2,1,FALSE,FALSE,29.3,21380,14.54,39,,1
AEAS187353,14,0,2016,PRADYUT KUMAR BHUYAN,GEN,Assam,NALBARI,INC,,46087,M,2,1,FALSE,FALSE,29.26,42479,26.96,45,,1
AEAS187363,8,0,1985,NARAYAN DEKA,,Assam,BARKHETRY,IND,,161,M,6,3,FALSE,FALSE,0.22,69,0.1,,1,3
AEAS187363,9,0,1991,NARAYAN TALUKDAR,,Assam,BARKHETRY,IND,IND,416,M,12,3,FALSE,FALSE,0.55,6,0.01,,1,3
AEAS187363,14,0,2016,NARAYAN DEKA,GEN,Assam,BARKHETRY,BJP,IND,69223,M,1,3,FALSE,FALSE,47.15,8613,5.87,48,1,3
AEAS187364,14,0,2016,DIGANTA BARMAN,GEN,Assam,BARKHETRY,INC,,60610,M,2,1,FALSE,FALSE,41.29,50660,34.51,52,,1
AEAS187365,14,0,2016,MD. AKRAM HUSSAIN TALUKDAR,GEN,Assam,BARKHETRY,AIUDF,,9950,M,3,1,FALSE,FALSE,6.78,7634,5.2,59,,1
AEAS187385,14,0,2016,SUJAN DAS,ST,Assam,CHAPAGURI,IND,,41769,M,2,1,FALSE,FALSE,36.51,14427,12.61,41,,1
AEAS187388,14,0,2016,NANDA RAM BARO,ST,Assam,PANERY,IND,,22866,M,2,1,FALSE,FALSE,21.25,3777,3.51,46,,1
AEAS187389,8,0,1985,DURGA DAS BORO,,Assam,PANERY,IND,,13236,M,1,5,FALSE,FALSE,27.01,2717,5.54,,1,5
AEAS187389,9,0,1991,DURGA DAS BORO,,Assam,PANERY,AGP,IND,12330,M,3,5,FALSE,TRUE,19.66,2573,4.1,,1,5
AEAS187389,10,0,1996,DURGA DAS BORO,,Assam,PANERY,AGP,AGP,17399,M,3,5,FALSE,FALSE,25.19,15394,22.29,,1,5
AEAS187389,12,0,2006,DURGA DAS BORO,ST,Assam,PANERY,AGP,AGP,17663,M,3,5,FALSE,FALSE,21.06,11320,13.5,47,1,5
AEAS187389,14,0,2016,DURGADAS BORO,ST,Assam,PANERY,INC,AGP,19089,M,3,5,TRUE,FALSE,17.74,6277,5.83,58,1,5
AEAS187400,14,0,2016,INDRAJIT KUMAR SAIKIA,GEN,Assam,KALAIGAON,INC,,10367,M,5,1,FALSE,FALSE,7.81,8129,6.12,37,,1
AEAS187414,14,0,2016,SYED ABDULLAH,GEN,Assam,SIPAJHAR,AIUDF,,2476,M,4,1,FALSE,FALSE,1.81,1443,1.06,36,,1
AEAS187422,14,0,2016,GURUJYOTI DAS,SC,Assam,MANGALDOI,BJP,,73423,M,1,1,FALSE,FALSE,41.31,22045,12.4,37,1,1
AEAS187424,14,0,2016,HIREN KR DAS,SC,Assam,MANGALDOI,AIUDF,,48417,M,3,1,FALSE,FALSE,27.24,47033,26.46,54,,1
AEAS187431,14,0,2016,HABIBAR RAHMAN,GEN,Assam,DALGAON,AGP,,24714,M,3,1,FALSE,FALSE,13.71,23549,13.06,56,,1
AEAS187436,11,0,2001,RIHON DAIMARI,,Assam,UDALGURI,IND,,30170,M,1,4,FALSE,FALSE,38.39,2323,2.96,,3,4
AEAS187436,12,0,2006,RIHON DAIMARI,ST,Assam,UDALGURI,IND,IND,5560,M,3,4,FALSE,TRUE,21.87,2654,10.44,40,3,4
AEAS187436,13,0,2011,RIHON DAIMARI,ST,Assam,UDALGURI,BOPF,IND,40970,M,1,4,FALSE,FALSE,43.43,16194,17.17,45,3,4
AEAS187436,14,0,2016,RIHON DAIMARI,ST,Assam,UDALGURI,BOPF,BOPF,45037,M,1,4,FALSE,TRUE,40.94,24374,22.16,54,3,4
AEAS187437,14,0,2016,ANJALI PRABHA DAIMARI,ST,Assam,UDALGURI,IND,,20663,F,2,1,FALSE,FALSE,18.79,459,0.42,51,,1
AEAS187442,14,0,2016,CHARAN BORO,ST,Assam,MAZBAT,BOPF,,48351,M,1,1,FALSE,FALSE,43.16,26218,23.4,36,1,1
AEAS187443,14,0,2016,TEHARU GOUR,GEN,Assam,MAZBAT,AIUDF,,22133,M,2,1,FALSE,FALSE,19.76,1556,1.39,31,,1
AEAS187444,14,0,2016,RAPHAEL KUJUR,GEN,Assam,MAZBAT,INC,,20577,M,3,1,FALSE,FALSE,18.37,11814,10.55,42,,1
AEAS187453,14,0,2016,ASHOK SINGHAL,GEN,Assam,DHEKIAJULI,BJP,,71425,M,1,1,FALSE,FALSE,49.57,34995,24.29,48,1,1
AEAS187455,14,0,2016,DHANIRAM RAJOWAR,GEN,Assam,DHEKIAJULI,AIUDF,,16690,M,3,1,FALSE,FALSE,11.58,8548,5.93,42,,1
AEAS187462,13,0,2011,GANESH KUMAR LIMBU,GEN,Assam,BORCHALLA,BJP,,6790,M,4,2,FALSE,FALSE,6.92,3488,3.56,39,1,2
AEAS187462,14,0,2016,GANESH KUMAR LIMBU,GEN,Assam,BORCHALLA,BJP,BJP,53912,M,1,2,FALSE,FALSE,45,23682,19.77,44,1,2
AEAS187463,11,0,2001,TANKA BAHADUR RAI,,Assam,BARCHALLA,INC,,26567,M,1,4,FALSE,FALSE,35.79,9112,12.28,,3,4
AEAS187463,12,0,2006,TANKA BAHADUR RAI,GEN,Assam,BARCHALLA,INC,INC,34461,M,1,4,FALSE,TRUE,35.33,922,0.95,55,3,4
AEAS187463,13,0,2011,TANKA BAHADUR RAI,GEN,Assam,BORCHALLA,INC,INC,47270,M,1,4,FALSE,TRUE,48.19,17574,17.91,60,3,4
AEAS187463,14,0,2016,TANKA BAHADUR RAI,GEN,Assam,BORCHALLA,INC,INC,30230,M,2,4,FALSE,TRUE,25.23,6409,5.35,65,3,4
AEAS187464,14,0,2016,BINA DAIMARI,ST,Assam,BORCHALLA,AIUDF,,23821,F,3,1,FALSE,FALSE,19.88,14974,12.5,43,,1
AEAS187467,8,0,1985,BRINDABON GOSWAMI,,Assam,TEZPUR,IND,,33645,M,1,7,FALSE,FALSE,59.01,20120,35.29,,5,7
AEAS187467,9,0,1991,BRINDABON GOSWAMI,,Assam,TEZPUR,NAGP,IND,16115,M,2,7,FALSE,TRUE,27.23,11249,19.01,,5,7
AEAS187467,10,0,1996,BRINDABON GOSWAMI,,Assam,TEZPUR,AGP,NAGP,30706,M,1,7,TRUE,FALSE,44.68,1833,2.67,,5,7
AEAS187467,11,0,2001,BRINDABAN GOSWAMI,,Assam,TEZPUR,AGP,AGP,30030,M,1,7,FALSE,TRUE,38.61,994,1.28,,5,7
AEAS187467,12,0,2006,BRINDABAN GOSWAMI,GEN,Assam,TEZPUR,AGP,AGP,53274,M,1,7,FALSE,TRUE,50.75,8424,8.02,57,5,7
AEAS187467,13,0,2011,BRINDABAN GOSWAMI,GEN,Assam,TEZPUR,AGP,AGP,22156,M,2,7,FALSE,TRUE,20.9,6016,5.68,61,5,7
AEAS187467,14,0,2016,BRINDABAN GOSWAMI,GEN,Assam,TEZPUR,AGP,AGP,71170,M,1,7,FALSE,FALSE,52.56,34663,25.6,66,5,7
AEAS187468,14,0,2016,HIRANYA BHUYAN,GEN,Assam,TEZPUR,INC,,36507,M,2,1,FALSE,FALSE,26.96,14212,10.5,31,,1
AEAS187469,14,0,2016,SUKENDRA NATH,GEN,Assam,TEZPUR,AIUDF,,22295,M,3,1,FALSE,FALSE,16.46,20781,15.35,51,,1
AEAS187475,14,0,2016,PALLAB LOCHAN DAS,GEN,Assam,RANGAPARA,BJP,,51597,M,1,1,FALSE,FALSE,43.92,22991,19.57,38,1,1
AEAS187476,10,0,1996,BHIMANANDA TANTI,,Assam,RANGAPARA,INC,,32555,M,1,5,FALSE,FALSE,47.67,14105,20.65,,3,5
AEAS187476,11,0,2001,BHIMA TANTI,,Assam,RANGAPARA,INC,INC,40043,M,1,5,FALSE,TRUE,51.28,22579,28.91,,3,5
AEAS187476,12,0,2006,BHIMANANDA TANTI,GEN,Assam,RANGAPARA,INC,INC,31065,M,2,5,FALSE,TRUE,31.44,18086,18.3,50,3,5
AEAS187476,13,0,2011,BHIMANANDA TANTI,GEN,Assam,RANGAPARA,INC,INC,40364,M,1,5,FALSE,FALSE,40.32,23526,23.5,55,3,5
AEAS187476,14,0,2016,BHIMANANDA TANTI,GEN,Assam,RANGAPARA,INC,INC,28606,M,2,5,FALSE,TRUE,24.35,15325,13.04,58,3,5
AEAS187491,14,0,2016,PROMOD BORTHAKUR,GEN,Assam,BISWANATH,BJP,,64225,M,1,1,FALSE,FALSE,52.33,10120,8.25,52,1,1
AEAS187495,14,0,2016,RUPAK SARMA,GEN,Assam,BIHALI,INC,,28551,M,2,1,FALSE,FALSE,30.77,20526,22.12,41,,1
AEAS187498,13,0,2011,UTPAL BORAH,GEN,Assam,GAHPUR,IND,,24217,M,2,2,FALSE,FALSE,18.7,8558,6.61,44,1,2
AEAS187498,14,0,2016,UTPAL BORAH,GEN,Assam,GAHPUR,BJP,IND,85424,M,1,2,FALSE,FALSE,58.26,28935,19.73,49,1,2
AEAS187505,14,0,2016,PUTUL DAS,SC,Assam,JAGIROAD,AIUDF,,7192,M,3,1,FALSE,FALSE,4.18,5835,3.39,49,,1
AEAS187510,14,0,2016,RAMA KANTA DEWRI,ST,Assam,MORIGAON,BJP,,80669,M,1,1,FALSE,FALSE,57.09,29623,20.97,52,1,1
AEAS187518,14,0,2016,SIDDIQUE AHMED,GEN,Assam,LAHARIGHAT,AIUDF,,52098,M,2,1,FALSE,FALSE,37.25,26406,18.88,46,,1
AEAS187519,14,0,2016,JADUMONI PATAR,ST,Assam,LAHARIGHAT,AGP,,25692,M,3,1,FALSE,FALSE,18.37,23940,17.12,43,,1
AEAS187523,14,0,2016,SASHI KANTA DAS,SC,Assam,RAHA,INC,,43867,M,2,1,FALSE,FALSE,27.14,5100,3.16,44,,1
AEAS187525,13,0,2011,AMINUL ISLAM,GEN,Assam,DHING,AIUDF,,72457,M,1,2,FALSE,FALSE,54.92,19172,14.53,39,2,2
AEAS187525,14,0,2016,AMINUL ISLAM,GEN,Assam,DHING,AIUDF,AIUDF,82786,M,1,2,FALSE,TRUE,47.78,24553,14.17,44,2,2
AEAS187526,14,0,2016,ANWAR HUSSAIN,GEN,Assam,DHING,INC,,58233,M,2,1,FALSE,FALSE,33.61,40426,23.33,48,,1
AEAS187528,14,0,2016,MUKUT KUMAR DEBNATH,GEN,Assam,DHING,BJP,,8958,M,4,1,FALSE,FALSE,5.17,7600,4.39,36,,1
AEAS187534,14,0,2016,ANGOORLATA DEKA,GEN,Assam,BATADROBA,BJP,,46343,F,1,1,FALSE,FALSE,37.61,5885,4.78,30,1,1
AEAS187542,14,0,2016,NURUL HUDA,GEN,Assam,RUPOHIHAT,INC,,72627,M,1,1,FALSE,FALSE,47.5,21844,14.29,51,1,1
AEAS187543,12,0,2006,NURUL AMIN CHOWDHURY,GEN,Assam,RUPOHIHAT,AGP(P),,4837,M,5,3,FALSE,FALSE,4.33,838,0.75,44,,3
AEAS187543,13,0,2011,NURUL AMIN CHOWDHURY,GEN,Assam,NOWGONG,AIUDF,AGP(P),17111,M,3,3,TRUE,FALSE,15.03,10664,9.37,47,,3
AEAS187543,14,0,2016,NURUL AMIN CHOWDHURY,GEN,Assam,RUPOHIHAT,AIUDF,AIUDF,50783,M,2,3,FALSE,FALSE,33.21,34820,22.77,52,,3
AEAS187544,14,0,2016,JAKARIA HAQUE CHOUDHURY,GEN,Assam,RUPOHIHAT,BJP,,15963,M,3,1,FALSE,FALSE,10.44,6292,4.12,34,,1
AEAS187550,14,0,2016,RUPAK SARMAH,GEN,Assam,NOWGONG,BJP,,66706,M,1,1,FALSE,FALSE,47.43,13264,9.43,43,1,1
AEAS187552,14,0,2016,KARTICK SAHA,GEN,Assam,NOWGONG,AIUDF,,18038,M,3,1,FALSE,FALSE,12.82,17256,12.27,53,,1
AEAS187560,14,0,2016,SHARIFUL ISLAM SIDDIQUE,GEN,Assam,BARHAMPUR,AIUDF,,2787,M,3,1,FALSE,FALSE,2.05,1100,0.81,35,,1
AEAS187569,14,0,2016,JITU GOSWAMI,GEN,Assam,SAMAGURI,BJP,,51849,M,2,1,FALSE,FALSE,40.59,45123,35.32,45,,1
AEAS187570,14,0,2016,MOSKUR RAHMAN CHOUDHURY,GEN,Assam,SAMAGURI,AIUDF,,6726,M,3,1,FALSE,FALSE,5.26,5444,4.26,46,,1
AEAS187574,14,0,2016,BINDU GANJU,GEN,Assam,KALIABOR,INC,,26769,M,2,1,FALSE,FALSE,25.64,23087,22.11,56,,1
AEAS187582,13,1,2014,Abdur Rahim Ajmal,,Assam,JAMUNAMUKH,AIUDF,,62153,M,1,2,FALSE,FALSE,52.11,22959,19.25,,2,2
AEAS187582,14,0,2016,ABDUR RAHIM AJMAL,GEN,Assam,JAMUNAMUKH,AIUDF,AIUDF,65599,M,1,2,FALSE,TRUE,42.57,13404,8.7,31,2,2
AEAS187583,13,0,2011,REJAUL KARIM CHOWDHURY,GEN,Assam,JAMUNAMUKH,INC,,48541,M,2,2,FALSE,FALSE,39.68,44303,36.21,29,,2
AEAS187583,14,0,2016,REJAUL KARIM CHOWDHURY,GEN,Assam,JAMUNAMUKH,IND,INC,52195,M,2,2,FALSE,FALSE,33.87,28346,18.4,34,,2
AEAS187585,14,0,2016,ZIA UDDIN AHMED,GEN,Assam,JAMUNAMUKH,AGP,,4732,M,4,1,FALSE,FALSE,3.07,2776,1.8,37,,1
AEAS187597,14,0,2016,DHANIRAM THOUSEN,ST,Assam,HOJAI,AIUDF,,49756,M,2,1,FALSE,FALSE,25.63,14549,7.49,64,,1
AEAS187601,14,0,2016,SIBU MISRA,GEN,Assam,LUMDING,BJP,,72072,M,1,1,FALSE,FALSE,46.05,30400,19.42,49,1,1
AEAS187602,14,0,2016,NETRA RANJAN MAHANTA,GEN,Assam,LUMDING,INC,,41672,M,2,1,FALSE,FALSE,26.62,2597,1.66,52,,1
AEAS187613,14,0,2016,ROSELINA TIRKEY,GEN,Assam,SARUPATHAR,INC,,67150,F,1,1,FALSE,FALSE,36.05,2927,1.57,34,1,1
AEAS187616,14,0,2016,SATYA DEV SAHU,GEN,Assam,SARUPATHAR,AIUDF,,7596,M,4,1,FALSE,FALSE,4.08,3538,1.9,46,,1
AEAS187621,14,0,2016,BITUPAN SAIKIA,GEN,Assam,GOLAGHAT,BJP,,68649,M,2,1,FALSE,FALSE,46.63,66845,45.4,38,,1
AEAS187622,14,0,2016,SYED JAHID ABDULLAH,GEN,Assam,GOLAGHAT,AIUDF,,1804,M,3,1,FALSE,FALSE,1.23,87,0.06,38,,1
AEAS187624,14,0,2016,MRINAL SAIKIA,GEN,Assam,KHUMTAI,BJP,,57637,M,1,1,FALSE,FALSE,55.28,16874,16.18,48,1,1
AEAS187627,14,0,2016,SAHJAHAN ALI,GEN,Assam,KHUMTAI,AIUDF,,1763,M,4,1,FALSE,FALSE,1.69,477,0.46,36,,1
AEAS187630,12,0,2006,AROTI HAZARIKA KACHARI,SC,Assam,DERGAON,INC,,38098,F,2,3,FALSE,FALSE,37.31,21367,20.92,40,1,3
AEAS187630,13,0,2011,AROTI HAZARIKA KACHARI,SC,Assam,DERGAON,INC,INC,55705,F,1,3,FALSE,FALSE,56.06,21260,21.39,50,1,3
AEAS187630,14,0,2016,AROTI HAZARIKA KACHARI,SC,Assam,DERGAON,INC,INC,46807,F,2,3,FALSE,TRUE,38.81,43185,35.81,55,1,3
AEAS187634,9,0,1991,HITENDRA NATH GOSWAMI,,Assam,JORHAT,AGP,,23249,M,1,6,FALSE,FALSE,39.31,2798,4.73,,4,6
AEAS187634,10,0,1996,HITENDRANATH GOSWAMI,,Assam,JORHAT,AGP,AGP,36890,M,1,6,FALSE,TRUE,49.88,14690,19.86,,4,6
AEAS187634,11,0,2001,HITENDRA NATH GOSWAMI,,Assam,JORHAT,AGP,AGP,39421,M,1,6,FALSE,TRUE,49.52,6041,7.59,,4,6
AEAS187634,12,0,2006,HITENDRA NATH GOSWAMI,GEN,Assam,JORHAT,AGP,AGP,44862,M,2,6,FALSE,TRUE,44,39686,38.93,46,4,6
AEAS187634,13,0,2011,HITENDRA NATH GOSWAMI,GEN,Assam,JORHAT,AGP,AGP,30079,M,2,6,FALSE,FALSE,28.67,24725,23.56,51,4,6
AEAS187634,14,0,2016,HITENDRA NATH GOSWAMI,GEN,Assam,JORHAT,BJP,AGP,69209,M,1,6,TRUE,FALSE,52.91,13638,10.43,57,4,6
AEAS187638,14,0,2016,SANJEEV RAJKHOWA,GEN,Assam,JORHAT,AIUDF,,842,M,6,1,FALSE,FALSE,0.64,207,0.16,44,,1
AEAS187653,13,0,2011,DULEN NAYAK,GEN,Assam,MORIANI,AGP,,3961,M,3,2,FALSE,FALSE,5.2,585,0.77,45,,2
AEAS187653,14,0,2016,DULEN NAYAK,GEN,Assam,MORIANI,BJP,AGP,14602,M,3,2,TRUE,FALSE,16.13,12648,13.97,51,,2
AEAS187657,14,0,2016,PALLABI SAIKIA GOGOI,GEN,Assam,TEOK,INC,,35879,F,2,1,FALSE,FALSE,37.59,31956,33.48,37,,1
AEAS187668,14,0,2016,ANGKITA DUTTA,GEN,Assam,AMGURI,INC,,40390,F,2,1,FALSE,FALSE,42.07,34892,36.34,28,,1
AEAS187672,14,0,2016,GAYATRI BORAH KALITA,GEN,Assam,AMGURI,AIUDF,,873,F,7,1,FALSE,FALSE,0.91,174,0.18,45,,1
AEAS187676,14,0,2016,PROHLAD GOWALA,GEN,Assam,NAZIRA,BJP,,38014,M,2,1,FALSE,FALSE,38.66,33507,34.08,37,,1
AEAS187679,13,0,2011,JOGEN MOHAN,GEN,Assam,MAHMARA,BJP,,14582,M,3,2,FALSE,FALSE,17.13,12927,15.19,50,1,2
AEAS187679,14,0,2016,JOGEN MOHAN,GEN,Assam,MAHMARA,BJP,BJP,49036,M,1,2,FALSE,FALSE,47.5,14325,13.88,53,1,2
AEAS187680,14,0,2016,SURUJ DEHINGIA,GEN,Assam,MAHMARA,INC,,34711,M,2,1,FALSE,FALSE,33.63,25395,24.6,40,,1
AEAS187691,14,0,2016,TOPON KUMAR GOGOI,GEN,Assam,SONARI,BJP,,73327,M,1,1,FALSE,FALSE,55.83,24117,18.36,47,1,1
AEAS187702,14,0,2016,SURABHI RAJKONWAR,GEN,Assam,SIBSAGAR,BJP,,48042,F,2,1,FALSE,FALSE,42.39,37854,33.4,42,,1
AEAS187707,14,0,2016,DILSHAD HUSSAIN AHMED,GEN,Assam,SIBSAGAR,AIUDF,,663,M,8,1,FALSE,FALSE,0.59,104,0.09,40,,1
AEAS187709,14,0,2016,DEBANANDA HAZARIKA,GEN,Assam,BIHPURIA,BJP,,66563,M,1,1,FALSE,FALSE,60.68,26187,23.87,63,1,1
AEAS187710,12,0,2006,BHUPEN KUMAR BORAH,GEN,Assam,BIHPURIA,INC,,31061,M,1,3,FALSE,FALSE,33.5,593,0.64,35,2,3
AEAS187710,13,0,2011,BHUPEN KUMAR BORA,GEN,Assam,BIHPURIA,INC,INC,45920,M,1,3,FALSE,TRUE,49.48,12156,13.1,41,2,3
AEAS187710,14,0,2016,BHUPEN KUMAR BORAH,GEN,Assam,BIHPURIA,INC,INC,40376,M,2,3,FALSE,TRUE,36.81,39542,36.05,45,2,3
AEAS187726,14,0,2016,JOY PRAKASH DAS,SC,Assam,LAKHIMPUR,INC,,41762,M,2,1,FALSE,FALSE,30.82,18269,13.48,38,,1
AEAS187730,14,0,2016,DIPAK CHETIA,GEN,Assam,LAKHIMPUR,AIUDF,,1313,M,6,1,FALSE,FALSE,0.97,0,0,39,,1
AEAS187746,14,0,2016,PRADAN BARUAH,ST,Assam,DHEMAJI,BJP,,69592,M,1,1,FALSE,FALSE,40.9,19121,11.24,50,1,1
AEAS187755,14,1,2017,Ranoj Pegu,,Assam,DHEMAJI,BJP,,75217,M,1,1,FALSE,FALSE,50.6,9285,6.25,,1,1
AEAS187756,14,1,2017,Babul Sonowal,,Assam,DHEMAJI,INC,,65932,M,2,1,FALSE,FALSE,44.35,60988,41.03,,,1
AEAS187760,11,0,2001,BHUBON PEGU,,Assam,JONAI,IND,,38954,M,2,4,FALSE,FALSE,32.26,20631,17.08,,2,4
AEAS187760,12,0,2006,BHUBON PEGU,ST,Assam,JONAI,IND,IND,79117,M,1,4,FALSE,FALSE,47.27,14868,8.88,35,2,4
AEAS187760,13,0,2011,BHUBAN PEGU,ST,Assam,JONAI,IND,IND,77816,M,2,4,FALSE,TRUE,42.28,71341,38.77,40,2,4
AEAS187760,14,0,2016,BHUBON PEGU,ST,Assam,JONAI,IND,IND,88441,M,1,4,FALSE,FALSE,42.89,49293,23.9,45,2,4
AEAS187763,14,0,2016,SUSHIL PEGU,ST,Assam,JONAI,INC,,30890,M,4,1,FALSE,FALSE,14.98,25265,12.25,45,,1
AEAS187769,14,0,2016,CHAKRADHAR GOGOI,GEN,Assam,MORAN,BJP,,54571,M,1,1,FALSE,FALSE,54.13,16231,16.1,45,1,1
AEAS187776,14,0,2016,CHANDRA KANTA BARUA,GEN,Assam,DIBRUGARH,INC,,36611,M,2,1,FALSE,FALSE,34.91,35495,33.85,61,,1
AEAS187782,14,0,2016,RITUPARNA BARUAH,GEN,Assam,LAHOWAL,BJP,,59013,M,1,1,FALSE,FALSE,53.86,19599,17.89,43,1,1
AEAS187790,14,0,2016,DHRUBA JYOTI GOGOI,GEN,Assam,DULIAJAN,INC,,41364,M,2,1,FALSE,FALSE,36.18,36988,32.36,37,,1
AEAS187800,14,0,2016,BIMAL BORAH,GEN,Assam,TINGKHONG,BJP,,57072,M,1,1,FALSE,FALSE,54.61,18338,17.55,40,1,1
AEAS187824,12,0,2006,SUREN PHUKAN,GEN,Assam,DIGBOI,AGP,,23038,M,2,3,FALSE,FALSE,28,9110,11.07,35,1,3
AEAS187824,13,0,2011,SUREN PHUKAN,GEN,Assam,DIGBOI,BJP,AGP,27905,M,2,3,TRUE,FALSE,36.11,21652,28.02,41,1,3
AEAS187824,14,0,2016,SUREN PHUKAN,GEN,Assam,DIGBOI,BJP,BJP,49167,M,1,3,FALSE,FALSE,51.47,14293,14.96,46,1,3
AEAS187825,14,0,2016,GAUTAM DHANOWAR,GEN,Assam,DIGBOI,INC,,34874,M,2,1,FALSE,FALSE,36.51,30033,31.44,38,,1
AEAS187832,14,0,2016,BHASKAR SHARMA,GEN,Assam,MARGHERITA,BJP,,76365,M,1,1,FALSE,FALSE,55.85,22744,16.63,47,1,1
AEAS187848,14,0,2016,BIRINCHI NEOG,GEN,Assam,SADIYA,INC,,32279,M,2,1,FALSE,FALSE,26.71,10274,8.5,46,,1
AEAS187879,13,0,2011,KAMALAKHYA DEY PURKAYASTHA,GEN,Assam,KARIMGANJ NORTH,INC,,45027,M,1,2,FALSE,FALSE,41.53,17770,16.39,33,2,2
AEAS187879,14,0,2016,KAMALAKHYA DEY PURKAYASTHA,GEN,Assam,KARIMGANJ NORTH,INC,INC,45289,M,1,2,FALSE,TRUE,34.63,468,0.36,38,2,2
AEAS187894,12,0,2006,SIPRA GOON,GEN,Assam,KARIMGANJ SOUTH,BJP,,21372,F,2,3,FALSE,FALSE,22.98,3964,4.26,37,,3
AEAS187894,13,0,2011,SIPRA GOON,GEN,Assam,KARIMGANJ SOUTH,BJP,BJP,20443,F,3,3,FALSE,FALSE,19.55,10590,10.13,42,,3
AEAS187894,14,0,2016,SIPRA GOON,GEN,Assam,KARIMGANJ SOUTH,BJP,BJP,11861,F,3,3,FALSE,FALSE,9.23,11046,8.6,47,,3
AEAS187953,12,0,2006,RAHUL ROY,GEN,Assam,ALGAPUR,INC,,31506,M,1,3,FALSE,FALSE,36.57,5224,6.06,31,1,3
AEAS187953,13,0,2011,RAHUL ROY,GEN,Assam,ALGAPUR,INC,INC,42126,M,2,3,FALSE,TRUE,39.62,38340,36.06,38,1,3
AEAS187953,14,0,2016,RAHUL ROY,GEN,Assam,ALGAPUR,INC,INC,25927,M,3,3,FALSE,FALSE,21.72,20105,16.84,41,1,3
AEAS187991,13,1,2014,Dilip Kumar Paul,,Assam,SILCHAR,BJP,,74898,M,1,2,FALSE,FALSE,58.37,37441,29.18,,2,2
AEAS187991,14,0,2016,DILIP KUMAR PAUL,GEN,Assam,SILCHAR,BJP,BJP,94787,M,1,2,FALSE,TRUE,60.53,39920,25.49,60,2,2
AEAS188042,13,1,2014,Rajdeep Goala,,Assam,LAKHIPUR,INC,,39159,M,1,2,FALSE,FALSE,41.98,9837,10.54,,2,2
AEAS188042,14,0,2016,RAJDEEP GOALA,GEN,Assam,LAKHIPUR,INC,INC,60135,M,1,2,FALSE,TRUE,55,24367,22.29,31,2,2
AEAS188074,13,0,2011,KLENGDOON ENGTI,ST,Assam,BOKAJAN,INC,,53332,M,1,2,FALSE,FALSE,54.01,16808,17.02,30,1,2
AEAS188074,14,0,2016,KLENGDOON ENGTI,ST,Assam,BOKAJAN,INC,INC,35426,M,2,2,FALSE,TRUE,33.06,10038,9.37,35,1,2
AEAS188094,13,0,2011,ABDUL SALAM SHAH,GEN,Assam,MANKACHAR,AGP,,5334,M,4,2,FALSE,FALSE,3.78,4300,3.05,44,,2
AEAS188094,14,0,2016,ABDUL SALAM SHAH,GEN,Assam,MANKACHAR,BJP,AGP,8490,M,4,2,TRUE,FALSE,4.95,1772,1.03,48,,2
AEAS188105,13,0,2011,DR. DEBAMOY SANYAL,GEN,Assam,DHUBRI,BJP,,18301,M,3,2,FALSE,FALSE,14.62,15353,12.27,52,,2
AEAS188105,14,0,2016,DR. DEBAMOY SANYAL,GEN,Assam,DHUBRI,BJP,BJP,33648,M,3,2,FALSE,FALSE,22.13,20522,13.5,57,,2
AEAS188111,13,0,2011,NIZANUR RAHMAN,GEN,Assam,GAURIPUR,AIUDF,,37190,M,2,2,FALSE,FALSE,27.92,8746,6.57,38,1,2
AEAS188111,14,0,2016,NIJANUR RAHMAN,GEN,Assam,GAURIPUR,AIUDF,AIUDF,73423,M,1,2,FALSE,FALSE,45.66,19911,12.38,43,1,2
AEAS188122,13,0,2011,SAFER ALI AHMED,GEN,Assam,GOLAKGANJ,AIUDF,,15522,M,3,2,FALSE,FALSE,11.5,13643,10.11,47,,2
AEAS188122,14,0,2016,SAFER ALI AHMED,GEN,Assam,GOLAKGANJ,AIUDF,AIUDF,16843,M,3,2,FALSE,FALSE,10.43,15842,9.81,53,,2
AEAS188126,12,0,2006,HAFIZ BASHIR AHMED,GEN,Assam,BILASIPARA WEST,AUDF,,24047,M,1,3,FALSE,FALSE,23.95,6746,6.72,46,3,3
AEAS188126,13,0,2011,HAFIZ BASHIR AHMED,GEN,Assam,BILASIPARA WEST,AIUDF,AUDF,40501,M,1,3,TRUE,TRUE,36.19,3784,3.38,51,3,3
AEAS188126,14,0,2016,HAFIZ BASHIR AHMED,GEN,Assam,BILASIPARA WEST,AIUDF,AIUDF,44407,M,1,3,FALSE,TRUE,32.29,11202,8.15,55,3,3
AEAS188149,13,0,2011,ASHIM HASDA,GEN,Assam,GOSSALGAON,IND,,21355,M,3,2,FALSE,FALSE,16.26,4058,3.09,41,,2
AEAS188149,14,0,2016,ASHIM HASDA,GEN,Assam,GOSSALGAON,INC,IND,32187,M,3,2,FALSE,FALSE,22.58,14263,10.01,46,,2
AEAS188220,12,0,2006,ABDUR RASHID MANDAL,GEN,Assam,GOALPARA WEST,INC,,26330,M,1,3,FALSE,FALSE,26.89,2575,2.63,43,2,3
AEAS188220,13,0,2011,ABDUR RASHID MANDAL,GEN,Assam,GOALPARA WEST,INC,INC,22261,M,3,3,FALSE,TRUE,20.13,3107,2.81,48,2,3
AEAS188220,14,0,2016,ABDUR RASHID MANDAL,GEN,Assam,GOALPARA WEST,INC,INC,61007,M,1,3,FALSE,FALSE,44.77,24339,17.86,53,2,3
AEAS188246,13,0,2011,PHANIDHAR TALUKDAR,GEN,Assam,BHABANIPUR,IND,,19714,M,2,2,FALSE,FALSE,21.38,1223,1.33,44,,2
AEAS188246,14,0,2016,PHANIHDAR TALUKDAR,GEN,Assam,BHABANIPUR,IND,IND,25944,M,2,2,FALSE,FALSE,23.53,3564,3.23,49,,2
AEAS188267,12,0,2006,GUNINDRA NATH DAS,GEN,Assam,BARPETA,AGP,,48052,M,1,3,FALSE,FALSE,42,2965,2.59,46,2,3
AEAS188267,13,0,2011,GUNINDRA NATH DAS,GEN,Assam,BARPETA,AGP,AGP,44606,M,2,3,FALSE,TRUE,34.01,25163,19.18,51,2,3
AEAS188267,14,0,2016,GUNINDRA NATH DAS,GEN,Assam,BARPETA,AGP,AGP,63563,M,1,3,FALSE,FALSE,38.96,5810,3.56,55,2,3
AEAS188281,13,0,2011,SHERMAN ALI AHMED,GEN,Assam,BAGHBAR,AIUDF,,60434,M,1,2,FALSE,FALSE,64.62,32121,34.34,46,2,2
AEAS188281,14,0,2016,SHERMAN ALI AHMED,GEN,Assam,BAGHBAR,INC,AIUDF,73340,M,1,2,TRUE,TRUE,57.58,43433,34.1,49,2,2
AEAS188334,9,0,1991,AKON BORA,,Assam,DISPUR,INC,,14809,M,2,4,FALSE,FALSE,18.98,2843,3.64,,2,4
AEAS188334,12,0,2006,AKON BORA,GEN,Assam,DISPUR,INC,INC,52461,M,1,4,FALSE,FALSE,30.34,813,0.47,58,2,4
AEAS188334,13,0,2011,AKON BORA,GEN,Assam,DISPUR,INC,INC,83096,M,1,4,FALSE,TRUE,41.48,8247,4.12,58,2,4
AEAS188334,14,0,2016,AKON BORA,GEN,Assam,DISPUR,INC,INC,68181,M,2,4,FALSE,TRUE,24.45,65581,23.52,63,2,4
AEAS188348,13,0,2011,SIDDHARTHA BHATTACHARYA.,GEN,Assam,GAUHATI EAST,BJP,,43730,M,2,2,FALSE,FALSE,34.3,14086,11.05,50,1,2
AEAS188348,14,0,2016,SIDDHARTHA BHATTACHARYA,GEN,Assam,GAUHATI EAST,BJP,BJP,127602,M,1,2,FALSE,FALSE,78.49,96637,59.44,55,1,2
AEAS188398,13,0,2011,EMMANUEL MOSAHARY,ST,Assam,TAMULPUR,BOPF,,44017,M,1,2,FALSE,FALSE,36.19,4608,3.79,47,2,2
AEAS188398,14,0,2016,EMMANUEL MOSAHARY,ST,Assam,TAMULPUR,BOPF,BOPF,63031,M,1,2,FALSE,TRUE,42.87,19947,13.57,52,2,2
AEAS188432,11,0,2001,KAMALI BASUMATARI,,Assam,PANERY,IND,,37956,F,1,4,FALSE,FALSE,51.46,16921,22.94,,4,4
AEAS188432,12,0,2006,KAMALI BASUMATARI,ST,Assam,PANERY,IND,IND,26398,F,1,4,FALSE,TRUE,31.48,5104,6.09,48,4,4
AEAS188432,13,0,2011,KAMALI BASUMATARI,ST,Assam,PANERY,BOPF,IND,38202,F,1,4,FALSE,TRUE,41.36,556,0.6,53,4,4
AEAS188432,14,0,2016,KAMALI BASUMATARI,ST,Assam,PANERY,BOPF,BOPF,38668,F,1,4,FALSE,TRUE,35.93,15802,14.68,58,4,4
AEAS188443,12,0,2006,MAHESWAR BARO,ST,Assam,KALAIGAON,IND,,27704,M,1,3,FALSE,FALSE,26.14,4145,3.91,38,2,3
AEAS188443,13,0,2011,MAHESWAR BARO,ST,Assam,KALAIGAON,BOPF,IND,39742,M,2,3,FALSE,TRUE,34.91,24360,21.4,43,2,3
AEAS188443,14,0,2016,MAHESWAR BARO,ST,Assam,KALAIGAON,BOPF,BOPF,47206,M,1,3,FALSE,FALSE,35.54,17621,13.27,48,2,3
AEAS188451,11,0,2001,BINANDA KUMAR SAIKIA,,Assam,SIPAJHAR,INC,,45764,M,2,4,FALSE,FALSE,49.01,45101,48.3,,3,4
AEAS188451,12,0,2006,BINANDA KUMAR SAIKIA,GEN,Assam,SIPAJHAR,INC,INC,51851,M,1,4,FALSE,FALSE,45.8,3229,2.85,42,3,4
AEAS188451,13,0,2011,BINANDA KUMAR SAIKIA,GEN,Assam,SIPAJHAR,INC,INC,51927,M,1,4,FALSE,TRUE,45.83,8746,7.72,46,3,4
AEAS188451,14,0,2016,BINANDA KUMAR SAIKIA,GEN,Assam,SIPAJHAR,BJP,INC,65487,M,1,4,TRUE,TRUE,47.89,12175,8.9,51,3,4
AEAS188459,11,0,2001,BASANTA DAS,,Assam,MANGALDOI,INC,,46443,M,1,4,FALSE,FALSE,44.15,10976,10.43,,2,4
AEAS188459,12,0,2006,BASANTA DAS,SC,Assam,MANGALDOI,INC,INC,38069,M,3,4,FALSE,TRUE,28.16,32652,24.15,35,2,4
AEAS188459,13,0,2011,BASANTA DAS,SC,Assam,MANGALDOI,INC,INC,65440,M,1,4,FALSE,FALSE,45.36,23723,16.44,40,2,4
AEAS188459,14,0,2016,BASANTA DAS,SC,Assam,MANGALDOI,INC,INC,51378,M,2,4,FALSE,TRUE,28.91,2961,1.67,45,2,4
AEAS188464,12,0,2006,ILIAS ALI,GEN,Assam,DALGAON,IND,,41871,M,1,3,FALSE,FALSE,32.98,5685,4.48,44,3,3
AEAS188464,13,0,2011,ILIAS ALI,GEN,Assam,DALGAON,INC,IND,62280,M,1,3,FALSE,TRUE,44.31,3664,2.61,51,3,3
AEAS188464,14,0,2016,ILIAS ALI,GEN,Assam,DALGAON,INC,INC,76607,M,1,3,FALSE,TRUE,42.48,2320,1.29,56,3,3
AEAS188484,13,0,2011,HABUL CHAKRABORTY,GEN,Assam,DHEKIAJULI,INC,,45799,M,1,2,FALSE,FALSE,38.28,20447,17.09,47,1,2
AEAS188484,14,0,2016,HABUL CHAKRABORTY,GEN,Assam,DHEKIAJULI,INC,INC,36430,M,2,2,FALSE,TRUE,25.28,19740,13.7,52,1,2
AEAS188532,13,0,2011,MONIKA BORA,GEN,Assam,GAHPUR,INC,,60441,F,1,2,FALSE,FALSE,46.67,36224,27.97,52,1,2
AEAS188532,14,0,2016,MONIKA BORA,GEN,Assam,GAHPUR,INC,INC,56489,F,2,2,FALSE,TRUE,38.53,54868,37.42,55,1,2
AEAS188551,10,0,1996,NAZRUL ISLAM,,Assam,LAHARIGHAT,INC,,33434,M,1,5,FALSE,FALSE,48.12,16264,23.41,,5,5
AEAS188551,11,0,2001,NAZRUL ISLAM,,Assam,LAHARIGHAT,INC,INC,45523,M,1,5,FALSE,TRUE,55.99,10887,13.39,,5,5
AEAS188551,12,0,2006,DR. NAZRUL ISLAM,GEN,Assam,LAHARIGHAT,INC,INC,45476,M,1,5,FALSE,TRUE,45.16,25854,25.67,58,5,5
AEAS188551,13,0,2011,DR. NAZRUL ISLAM,GEN,Assam,LAHARIGHAT,INC,INC,53550,M,1,5,FALSE,TRUE,49.55,12623,11.68,63,5,5
AEAS188551,14,0,2016,DR. NAZRUL ISLAM,GEN,Assam,LAHARIGHAT,INC,INC,57904,M,1,5,FALSE,TRUE,41.4,5806,4.15,68,5,5
AEAS188556,13,0,2011,PIJUSH HAZARIKA,SC,Assam,RAHA,INC,,56430,M,1,2,FALSE,FALSE,43.51,17983,13.86,33,2,2
AEAS188556,14,0,2016,PIJUSH HAZARIKA,SC,Assam,JAGIROAD,BJP,INC,94550,M,1,2,TRUE,TRUE,54.98,28326,16.47,38,2,2
AEAS188583,12,0,2006,DR. DURLAV CHANDRA CHAMUA,GEN,Assam,NOWGONG,INC,,27885,M,2,3,FALSE,FALSE,25.37,10637,9.68,45,1,3
AEAS188583,13,0,2011,DR. DURLAV CHANDRA CHAMUA,GEN,Assam,NOWGONG,INC,INC,47977,M,1,3,FALSE,FALSE,42.14,8020,7.04,50,1,3
AEAS188583,14,0,2016,DR. DURLAV CHAMUA,GEN,Assam,NOWGONG,INC,INC,53442,M,2,3,FALSE,TRUE,38,35404,25.17,55,1,3
AEAS188593,13,0,2011,SURESH BORAH,GEN,Assam,BARHAMPUR,INC,,39933,M,2,2,FALSE,FALSE,36.97,34745,32.16,32,,2
AEAS188593,14,0,2016,SURESH BORA,GEN,Assam,BARHAMPUR,INC,INC,60599,M,2,2,FALSE,FALSE,44.63,57812,42.57,44,,2
AEAS188625,13,1,2014,Bashir Uddin Laskar,,Assam,JAMUNAMUKH,INC,,39194,M,2,2,FALSE,FALSE,32.86,25326,21.23,,,2
AEAS188625,14,0,2016,BASHIR UDDIN LASKAR,GEN,Assam,JAMUNAMUKH,INC,INC,23849,M,3,2,FALSE,FALSE,15.48,19117,12.41,62,,2
AEAS188634,13,0,2011,SHILADITYA DEV,GEN,Assam,HOJAI,BJP,,30011,M,3,2,FALSE,FALSE,18.86,27388,17.21,42,1,2
AEAS188634,14,0,2016,SHILADITYA DEV,GEN,Assam,HOJAI,BJP,BJP,105615,M,1,2,FALSE,FALSE,54.4,55859,28.77,47,1,2
AEAS188650,13,0,2011,ARUN PHUKAN,GEN,Assam,BOKAKHAT,INC,,32020,M,1,2,FALSE,FALSE,34.54,1729,1.87,60,1,2
AEAS188650,14,0,2016,ARUN PHUKAN,GEN,Assam,BOKAKHAT,INC,INC,22769,M,2,2,FALSE,TRUE,21.59,10897,10.33,64,1,2
AEAS188658,8,0,1985,BINOD GUWALA,,Assam,SARUPATHAR,IND,,36123,M,1,7,FALSE,FALSE,47.34,8570,11.23,,4,7
AEAS188658,9,0,1991,BINOD GOWAL,,Assam,SARUPATHAR,AGP,IND,40324,M,1,7,FALSE,TRUE,47.54,8205,9.67,,4,7
AEAS188658,10,0,1996,BINOD GOWALA,,Assam,SARUPATHAR,AGP,AGP,45860,M,1,7,FALSE,TRUE,45.91,8049,8.06,,4,7
AEAS188658,11,0,2001,BINOD GOWALA,,Assam,SARUPATHAR,AGP,AGP,43234,M,2,7,FALSE,TRUE,38.2,24582,21.72,,4,7
AEAS188658,12,0,2006,BINOD GOWALA.,GEN,Assam,SARUPATHAR,AGP,AGP,55958,M,1,7,FALSE,FALSE,37.5,2715,1.82,46,4,7
AEAS188658,13,0,2011,BINOD GOWALA,GEN,Assam,SARUPATHAR,AGP,AGP,42335,M,2,7,FALSE,TRUE,28.66,25163,17.04,51,4,7
AEAS188658,14,0,2016,BINOD GOWALLA,GEN,Assam,SARUPATHAR,AGP,AGP,64223,M,2,7,FALSE,FALSE,34.48,26942,14.46,56,4,7
AEAS188669,13,0,2011,BISMITA GOGOI,GEN,Assam,KHUMTAI,INC,,41123,F,1,2,FALSE,FALSE,47.77,18389,21.36,37,1,2
AEAS188669,14,0,2016,BISMITA GOGOI,GEN,Assam,KHUMTAI,INC,INC,40763,F,2,2,FALSE,TRUE,39.09,38758,37.17,44,1,2
AEAS188680,12,0,2006,RANA GOSWAMI,GEN,Assam,JORHAT,INC,,49742,M,1,3,FALSE,FALSE,48.79,4880,4.79,47,2,3
AEAS188680,13,0,2011,RANA GOSWAMI,GEN,Assam,JORHAT,INC,INC,68049,M,1,3,FALSE,TRUE,64.85,37970,36.19,51,2,3
AEAS188680,14,0,2016,RANA GOSWAMI,GEN,Assam,JORHAT,INC,INC,55571,M,2,3,FALSE,TRUE,42.48,54023,41.3,56,2,3
AEAS188714,13,0,2011,DEBABRATA SAIKIA,GEN,Assam,NAZIRA,INC,,52510,M,1,2,FALSE,FALSE,63.4,33810,40.82,46,2,2
AEAS188714,14,0,2016,DEBABRATA SAIKIA,GEN,Assam,NAZIRA,INC,INC,52869,M,1,2,FALSE,TRUE,53.77,14855,15.11,50,2,2
AEAS188736,13,0,2011,SUSHANTA BORGOHAIN,GEN,Assam,THOWRA,INC,,28560,M,1,2,FALSE,FALSE,39.98,4286,6,37,1,2
AEAS188736,14,0,2016,SUSHANTA BORGOHAIN,GEN,Assam,THOWRA,INC,INC,40334,M,2,2,FALSE,TRUE,46.99,38268,44.58,41,1,2
AEAS188757,13,0,2011,MAMUN IMADADUL HAQUE CHOWDHURY,GEN,Assam,NAOBOICHA,AIUDF,,27288,M,2,2,FALSE,FALSE,21.76,4960,3.95,31,1,2
AEAS188757,14,0,2016,MAMUN IMDADUL HAQUE CHAWDHURY,GEN,Assam,NAOBOICHA,AIUDF,AIUDF,56003,M,1,2,FALSE,FALSE,34.52,1233,0.76,36,1,2
AEAS188763,13,0,2011,JAYANTA KHOUND,GEN,Assam,NAOBOICHA,IND,,1995,M,8,2,FALSE,FALSE,1.59,324,0.26,42,,2
AEAS188763,14,0,2016,JAYANTA KHAUND,GEN,Assam,NAOBOICHA,AGP,IND,8070,M,4,2,FALSE,FALSE,4.97,5283,3.26,48,,2
AEAS188776,13,0,2011,NABA KUMAR DOLEY,ST,Assam,DHAKUAKHANA,AGP,,63963,M,1,2,FALSE,FALSE,50.31,7507,5.9,38,2,2
AEAS188776,14,0,2016,NABA KUMAR DOLEY,ST,Assam,DHAKUAKHANA,BJP,AGP,81556,M,1,2,TRUE,TRUE,55.45,24542,16.69,45,2,2
AEAS188794,13,0,2011,ASWINI PAIT,ST,Assam,JONAI,BJP,,6475,M,3,2,FALSE,FALSE,3.52,4064,2.21,40,,2
AEAS188794,14,0,2016,ASWINI PAIT,ST,Assam,JONAI,BJP,BJP,39148,M,2,2,FALSE,FALSE,18.98,5883,2.85,46,,2
AEAS188809,9,0,1991,PRITHIBI MAJHI,,Assam,TINGKHONG,INC,,25252,M,1,6,FALSE,FALSE,47.35,16284,30.54,,5,6
AEAS188809,10,0,1996,PRITHIBI MAJHI,,Assam,LAHOWAL,INC,INC,29555,M,1,6,FALSE,TRUE,50.37,6171,10.52,,5,6
AEAS188809,11,0,2001,PRITHIBI MAJHI,,Assam,LAHOWAL,INC,INC,41806,M,1,6,FALSE,TRUE,68.52,27682,45.37,,5,6
AEAS188809,12,0,2006,PRITHIBI MAHJI,GEN,Assam,LAHOWAL,INC,INC,35633,M,1,6,FALSE,TRUE,42.73,10484,12.57,54,5,6
AEAS188809,13,0,2011,PRITHIBI MAJHI,GEN,Assam,LAHOWAL,INC,INC,39857,M,1,6,FALSE,TRUE,46.9,19720,23.21,59,5,6
AEAS188809,14,0,2016,PRITHIBI MAJHI,GEN,Assam,LAHOWAL,INC,INC,39414,M,2,6,FALSE,TRUE,35.97,36375,33.2,64,5,6
AEAS188811,12,0,2006,TEROSH GOWALLA,GEN,Assam,LAHOWAL,AGP,,25149,M,2,3,FALSE,FALSE,30.16,13507,16.2,32,1,3
AEAS188811,13,0,2011,TERASH GOWALLA,GEN,Assam,LAHOWAL,AGP,AGP,15934,M,3,3,FALSE,FALSE,18.75,12715,14.96,36,1,3
AEAS188811,14,0,2016,TERASH GOWALLA,GEN,Assam,DULIAJAN,BJP,AGP,58450,M,1,3,TRUE,FALSE,51.13,17086,14.95,42,1,3
AEAS188830,10,0,1996,PRANATI PHUKAN,,Assam,NAHARKATIA,INC,,26333,F,1,5,FALSE,FALSE,44.12,5272,8.83,,4,5
AEAS188830,11,0,2001,PRANATI PHUKAN,,Assam,NAHARKATIA,INC,INC,42765,F,1,5,FALSE,TRUE,65.94,30035,46.31,,4,5
AEAS188830,12,0,2006,PRANATI PHUKAN,GEN,Assam,NAHARKATIA,INC,INC,40065,F,1,5,FALSE,TRUE,46.98,19736,23.14,42,4,5
AEAS188830,13,0,2011,PRANATI PHUKAN,GEN,Assam,NAHARKATIA,INC,INC,35373,F,1,5,FALSE,TRUE,41.58,14397,16.92,47,4,5
AEAS188830,14,0,2016,PRANATEE PHUKAN,GEN,Assam,NAHARKATIA,INC,INC,42520,F,2,5,FALSE,TRUE,43.17,38494,39.08,53,4,5
AEAS188831,13,0,2011,NAREN SONOWAL,ST,Assam,NAHARKATIA,AGP,,20976,M,2,2,FALSE,FALSE,24.66,2059,2.42,51,1,2
AEAS188831,14,0,2016,NAREN SONOWAL (BOTALI),ST,Assam,NAHARKATIA,AGP,AGP,46051,M,1,2,FALSE,FALSE,46.75,3531,3.58,56,1,2
AEAS188839,13,0,2011,BINOD HAZARIKA,GEN,Assam,CHABUA,BJP,,27468,M,2,2,FALSE,FALSE,28.5,7752,8.04,34,1,2
AEAS188839,14,0,2016,BINOD HAZARIKA,GEN,Assam,CHABUA,BJP,BJP,69351,M,1,2,FALSE,FALSE,59.76,30754,26.5,40,1,2
AEAS188847,13,0,2011,SANJAY KISHAN,GEN,Assam,TINSUKIA,BJP,,29265,M,2,2,FALSE,FALSE,31.33,13698,14.67,41,1,2
AEAS188847,14,0,2016,SANJOY KISHAN,GEN,Assam,TINSUKIA,BJP,BJP,70937,M,1,2,FALSE,FALSE,61.24,35069,30.27,46,1,2
AEAS188862,12,0,2006,DILIP MORAN,GEN,Assam,DOOM DOOMA,BJP,,22259,M,2,3,FALSE,FALSE,25.06,4960,5.58,39,1,3
AEAS188862,13,0,2011,DILIP MORAN,GEN,Assam,DOOM DOOMA,BJP,BJP,31709,M,1,3,FALSE,FALSE,37,4656,5.43,44,1,3
AEAS188862,14,0,2016,DILIP MORAN,GEN,Assam,DOOM DOOMA,BJP,BJP,46156,M,2,3,FALSE,TRUE,44.64,42839,41.43,48,1,3
AEAS188879,12,0,2006,AKHIL RANJAN TALUKDAR,SC,Assam,RATABARI,INC,,22026,M,3,2,FALSE,FALSE,25.72,20263,23.66,47,,2
AEAS188879,14,0,2016,AKHIL RANJAN TALUKDAR,SC,Assam,RATABARI,INC,INC,29449,M,2,2,FALSE,FALSE,26.15,5523,4.9,60,,2
AEAS188889,8,0,1985,MONILAL GOWALA,,Assam,PATHARKANDI,INC,,29695,M,1,7,FALSE,FALSE,43.68,12679,18.65,,3,7
AEAS188889,9,0,1991,MONILAL GOWALA,,Assam,PATHARKANDI,INC,INC,7332,M,4,7,FALSE,TRUE,9.17,4358,5.45,,3,7
AEAS188889,10,0,1996,MONI LAL GOWALA,,Assam,PATHARKANDI,INC,INC,19823,M,2,7,FALSE,FALSE,22.8,1422,1.64,,3,7
AEAS188889,11,0,2001,MONILAL GOWALA,,Assam,PATHARKANDI,INC,INC,46443,M,1,7,FALSE,FALSE,53.44,26265,30.22,,3,7
AEAS188889,12,0,2006,MONILAL GOWALA,GEN,Assam,PATHARKANDI,INC,INC,23410,M,3,7,FALSE,TRUE,23.25,21809,21.66,64,3,7
AEAS188889,13,0,2011,MONILAL GOWALA,GEN,Assam,PATHARKANDI,INC,INC,44986,M,1,7,FALSE,FALSE,42.26,3224,3.03,67,3,7
AEAS188889,14,0,2016,MONI LAL GOWALA,GEN,Assam,PATHARKANDI,INC,INC,32048,M,3,7,FALSE,TRUE,26.12,30410,24.79,73,3,7
AEAS189028,12,0,2006,RUMI NATH,GEN,Assam,BARKHOLA,BJP,,28414,F,1,3,FALSE,FALSE,35.83,3322,4.19,26,2,3
AEAS189028,13,0,2011,RUMI NATH,GEN,Assam,BARKHOLA,INC,BJP,44824,F,1,3,TRUE,TRUE,50.68,10635,12.02,31,2,3
AEAS189028,14,0,2016,DR. RUMI NATH,GEN,Assam,BARKHOLA,INC,INC,21946,F,3,3,FALSE,TRUE,20.99,17895,17.12,36,2,3
AEAS189079,12,0,2006,ARUN TERANG,ST,Assam,BAITHALANGSO,BJP,,15518,M,3,3,FALSE,FALSE,12.98,460,0.38,51,,3
AEAS189079,13,0,2011,ARUN TERANG,ST,Assam,BAITHALANGSO,BJP,BJP,10654,M,3,3,FALSE,FALSE,8.23,0,0,56,,3
AEAS189079,14,0,2016,ARUN TERANG,ST,Assam,BAITHALANGSO,BJP,BJP,53077,M,2,3,FALSE,FALSE,36.33,27906,19.1,62,,3
AEAS189084,11,0,2001,DR. MOTIUR ROHMAN MONDAL,,Assam,MANKACHAR,IND,,32010,M,2,4,FALSE,FALSE,32.68,10582,10.8,,2,4
AEAS189084,12,0,2006,DR. MOTIUR ROHMAN MONDAL,GEN,Assam,MANKACHAR,IND,IND,38554,M,1,4,FALSE,FALSE,30.81,1903,1.52,57,2,4
AEAS189084,13,0,2011,DR. MOTIUR ROHMAN MONDAL,GEN,Assam,MANKACHAR,INC,IND,53852,M,2,4,FALSE,TRUE,38.21,39600,28.1,62,2,4
AEAS189084,14,0,2016,DR. MOTIUR ROHMAN MONDAL,GEN,Assam,MANKACHAR,INC,INC,54181,M,1,4,FALSE,FALSE,31.57,4313,2.51,66,2,4
AEAS189093,12,0,2006,BADRUDDIN AJMAL,GEN,Assam,SALMARA SOUTH,AUDF,,55767,M,1,2,FALSE,FALSE,53.28,16380,15.65,48,1,2
AEAS189093,14,0,2016,BADRUDDIN AJMAL,GEN,Assam,SALMARA SOUTH,AIUDF,AUDF,63343,M,2,2,TRUE,FALSE,43.06,61389,41.73,61,1,2
AEAS189179,12,0,2006,RABIRAM NARZARY,ST,Assam,KOKRAJHAR EAST,IND,,743,M,5,2,FALSE,FALSE,6.04,0,0,37,1,2
AEAS189179,14,0,2016,RABIRAM NARZARY,ST,Assam,KOKRAJHAR WEST,BOPF,IND,64423,M,1,2,FALSE,FALSE,45.71,17340,12.3,48,1,2
AEAS189188,12,0,2006,KAMAL SHING NARZARY,ST,Assam,BIJNI,IND,,24572,M,1,3,FALSE,FALSE,29.03,2888,3.41,50,3,3
AEAS189188,13,0,2011,KAMALSHING NARZARY,ST,Assam,BIJNI,BOPF,IND,39861,M,1,3,FALSE,TRUE,41.83,13325,13.98,55,3,3
AEAS189188,14,0,2016,KAMAL SHING NARZARY,ST,Assam,BIJNI,BOPF,BOPF,29240,M,1,3,FALSE,TRUE,24.5,1678,1.41,58,3,3
AEAS189337,8,0,1985,GOPINAT DAS,,Assam,BOKO,IND,,30564,M,1,7,FALSE,FALSE,43.81,4181,5.99,,4,7
AEAS189337,9,0,1991,GOPINATH DAS,,Assam,BOKO,INC,IND,36143,M,1,7,FALSE,TRUE,46.53,10704,13.78,,4,7
AEAS189337,10,0,1996,GOPINATH DAS,,Assam,BOKO,INC,INC,34992,M,2,7,FALSE,TRUE,40.2,32443,37.27,,4,7
AEAS189337,11,0,2001,GOPI NATH DAS,,Assam,BOKO,INC,INC,56177,M,1,7,FALSE,FALSE,56.66,23379,23.58,,4,7
AEAS189337,12,0,2006,GOPI NATH DAS,SC,Assam,BOKO,INC,INC,52437,M,2,7,FALSE,TRUE,39.28,40919,30.65,45,4,7
AEAS189337,13,0,2011,GOPI NATH DAS,SC,Assam,BOKO,AIUDF,INC,54388,M,1,7,TRUE,FALSE,38.52,10691,7.57,51,4,7
AEAS189337,14,0,2016,GOPI NATH DAS,SC,Assam,BOKO,AIUDF,AIUDF,42338,M,3,7,FALSE,TRUE,23.99,36544,20.71,55,4,7
AEAS189354,10,0,1996,HIMANTA BISWA SARMA,,Assam,JALUKBARI,INC,,29318,M,2,5,FALSE,FALSE,34.7,22182,26.25,,4,5
AEAS189354,11,0,2001,HIMANTA BISWA SARMA,,Assam,JALUKBARI,INC,INC,45054,M,1,5,FALSE,FALSE,46.76,10019,10.4,,4,5
AEAS189354,12,0,2006,HIMANTA BISWA SARMA,GEN,Assam,JALUKBARI,INC,INC,76948,M,1,5,FALSE,TRUE,63.47,42468,35.03,35,4,5
AEAS189354,13,0,2011,HIMANTA BISWA SARMA.,GEN,Assam,JALUKBARI,INC,INC,93812,M,1,5,FALSE,TRUE,72.09,77403,59.48,42,4,5
AEAS189354,14,0,2016,HIMANTA BISWA SARMA,GEN,Assam,JALUKBARI,BJP,INC,118390,M,1,5,TRUE,TRUE,76.62,85935,55.62,47,4,5
AEAS189403,11,0,2001,SATYABRAT KALITA,,Assam,KAMALPUR,IND,,14545,M,2,3,FALSE,FALSE,16.46,1236,1.4,,1,3
AEAS189403,12,0,2006,SATYABRAT KALITA,GEN,Assam,KAMALPUR,IND,IND,18912,M,3,3,FALSE,FALSE,17.7,3875,3.63,41,1,3
AEAS189403,14,0,2016,SATYABRAT KALITA,GEN,Assam,KAMALPUR,AGP,IND,78170,M,1,3,FALSE,FALSE,57.7,36909,27.25,50,1,3
AEAS189425,12,0,2006,ASHOK SARMA,GEN,Assam,NALBARI,BJP,,18623,M,3,2,FALSE,FALSE,15.17,14568,11.87,43,1,2
AEAS189425,14,0,2016,ASHOK SARMA,GEN,Assam,NALBARI,BJP,BJP,99131,M,1,2,FALSE,FALSE,62.93,53044,33.67,51,1,2
AEAS189438,10,0,1996,NILAMANI SEN DEKA,,Assam,DHARMAPUR,INC,,17339,M,2,5,FALSE,FALSE,25.56,15697,23.14,,2,5
AEAS189438,11,0,2001,NILAMANI SEN DEKA,,Assam,DHARMAPUR,INC,INC,37674,M,1,5,FALSE,FALSE,50.64,1451,1.95,,2,5
AEAS189438,12,0,2006,NILAMANI SEN DEKA,GEN,Assam,DHARMAPUR,INC,INC,42372,M,2,5,FALSE,TRUE,44.26,40941,42.77,52,2,5
AEAS189438,13,0,2011,NILAMANI SEN DEKA,GEN,Assam,DHARMAPUR,INC,INC,50786,M,1,5,FALSE,FALSE,51.34,5331,5.39,55,2,5
AEAS189438,14,0,2016,NILAMANI SEN DEKA,GEN,Assam,DHARMAPUR,INC,INC,36560,M,2,5,FALSE,TRUE,32.95,34366,30.98,62,2,5
AEAS189446,12,0,2006,THANESWAR BASUMATARY,ST,Assam,CHAPAGURI,IND,,3395,M,2,2,FALSE,FALSE,37.78,0,0,45,1,2
AEAS189446,14,0,2016,THANESWAR BASUMATARY,ST,Assam,CHAPAGURI,BOPF,IND,43250,M,1,2,FALSE,FALSE,37.8,1481,1.29,49,1,2
AEAS189457,12,0,2006,MUKUNDA RAM CHOUDHURY,GEN,Assam,KALAIGAON,AGP,,23559,M,2,3,FALSE,FALSE,22.23,2448,2.31,56,1,3
AEAS189457,13,0,2011,MUKUNDA RAM CHOUDHURY,GEN,Assam,KALAIGAON,AGP,AGP,42550,M,1,3,FALSE,FALSE,37.38,2808,2.47,62,1,3
AEAS189457,14,0,2016,MUKUNDA RAM CHOUDHURY,GEN,Assam,KALAIGAON,AGP,AGP,24287,M,3,3,FALSE,TRUE,18.29,12943,9.75,67,1,3
AEAS189461,12,0,2006,NATHU RAM BORO,ST,Assam,KALAIGAON,IND,,6500,M,6,2,FALSE,FALSE,6.13,2099,1.98,33,,2
AEAS189461,14,0,2016,NATHU RAM BORO,ST,Assam,KALAIGAON,AIUDF,IND,29585,M,2,2,FALSE,FALSE,22.28,5298,3.99,45,,2
AEAS189468,8,0,1985,ZOLI NATH SARMA,,Assam,SIPAJHAR,IND,,48091,M,1,7,FALSE,FALSE,73.67,38416,58.85,,4,7
AEAS189468,9,0,1991,ZOII NATH SARMAH,,Assam,SIPAJHAR,AGP,IND,35971,M,1,7,FALSE,TRUE,50.25,13805,19.29,,4,7
AEAS189468,10,0,1996,ZOII NATH SARMAH,,Assam,SIPAJHAR,AGP,AGP,42877,M,1,7,FALSE,TRUE,49.96,5000,5.83,,4,7
AEAS189468,11,0,2001,DR. ZOII NATH SARMAH,,Assam,SIPAJHAR,AGP,AGP,45978,M,1,7,FALSE,TRUE,49.24,214,0.23,,4,7
AEAS189468,12,0,2006,ZOII NATH SARMAH,GEN,Assam,SIPAJHAR,AGP,AGP,48622,M,2,7,FALSE,TRUE,42.95,43704,38.61,50,4,7
AEAS189468,13,0,2011,DR. ZOII NATH SARMAH,GEN,Assam,SIPAJHAR,IND,AGP,43181,M,2,7,FALSE,FALSE,38.11,35378,31.23,54,4,7
AEAS189468,14,0,2016,DR ZOII NATH SARMAH,GEN,Assam,SIPAJHAR,INC,IND,53312,M,2,7,FALSE,FALSE,38.98,42494,31.07,60,4,7
AEAS189483,12,0,2006,MAZIBUR RAHMAN,GEN,Assam,DALGAON,AUDF,,36186,M,2,3,FALSE,FALSE,28.5,15651,12.33,31,,3
AEAS189483,13,0,2011,MAZIBUR RAHMAN,GEN,Assam,DALGAON,AIUDF,AUDF,58616,M,2,3,TRUE,FALSE,41.71,48619,34.59,37,,3
AEAS189483,14,0,2016,MAZIBUR RAHMAN,GEN,Assam,DALGAON,AIUDF,AIUDF,74287,M,2,3,FALSE,FALSE,41.2,49573,27.49,41,,3
AEAS189543,10,0,1996,PADMA HAZARIKA,,Assam,SOOTEA,AGP,,31721,M,1,5,FALSE,FALSE,40.84,13577,17.48,,3,5
AEAS189543,11,0,2001,PADMA HAZARIKA,,Assam,SOOTEA,AGP,AGP,42794,M,2,5,FALSE,TRUE,47.82,41191,46.03,,3,5
AEAS189543,12,0,2006,PADMA HAZARIKA,GEN,Assam,SOOTEA,AGP,AGP,671,M,4,5,FALSE,FALSE,5.04,0,0,43,3,5
AEAS189543,13,0,2011,PADMA HAZARIKA,GEN,Assam,SOOTEA,AGP,AGP,45155,M,1,5,FALSE,FALSE,41.35,12793,11.71,47,3,5
AEAS189543,14,0,2016,PADMA HAZARIKA,GEN,Assam,SOOTEA,BJP,AGP,60440,M,1,5,TRUE,TRUE,45.89,1818,1.38,53,3,5
AEAS189565,11,0,2001,BIBEKANANDA DALAI,,Assam,JAGIROAD,INC,,47380,M,2,4,FALSE,FALSE,46.55,46626,45.81,,2,4
AEAS189565,12,0,2006,BIBEKANANDA DALAI,SC,Assam,JAGIROAD,INC,INC,37786,M,1,4,FALSE,FALSE,28.06,12174,9.04,37,2,4
AEAS189565,13,0,2011,BIBEKANANDA DALAI,SC,Assam,JAGIROAD,INC,INC,67659,M,1,4,FALSE,TRUE,48,34448,24.44,44,2,4
AEAS189565,14,0,2016,BIBEKANANDA DALAI,SC,Assam,JAGIROAD,INC,INC,66224,M,2,4,FALSE,TRUE,38.51,59032,34.33,49,2,4
AEAS189588,12,0,2006,GUNESWAR DAS,SC,Assam,RAHA,AUDF,,32972,M,1,3,FALSE,FALSE,25.34,387,0.3,49,1,3
AEAS189588,13,0,2011,GUNESWAR DAS,SC,Assam,RAHA,AIUDF,AUDF,38447,M,2,3,TRUE,TRUE,29.64,20209,15.58,53,1,3
AEAS189588,14,0,2016,GUNESWAR DAS,SC,Assam,RAHA,AIUDF,AIUDF,38767,M,3,3,FALSE,FALSE,23.99,36715,22.72,58,1,3
AEAS189591,12,0,2006,DIMBESWAR DAS,SC,Assam,RAHA,AGP,,26587,M,4,2,FALSE,FALSE,20.43,23006,17.68,56,1,2
AEAS189591,14,0,2016,DIMBESWAR DAS,SC,Assam,RAHA,BJP,AGP,76941,M,1,2,TRUE,FALSE,47.6,33074,20.46,66,1,2
AEAS189601,9,0,1991,GOUTOM BORA,,Assam,BATADROBA,INC,,22902,M,1,5,FALSE,FALSE,33.48,4695,6.86,,4,5
AEAS189601,11,0,2001,GAUTAM BORA,,Assam,BATADROBA,INC,INC,35078,M,1,5,FALSE,FALSE,43.53,13316,16.52,,4,5
AEAS189601,12,0,2006,GAUTAM BORA,GEN,Assam,BATADROBA,INC,INC,33661,M,1,5,FALSE,TRUE,33.19,11587,11.42,46,4,5
AEAS189601,13,0,2011,GAUTAM BORA,GEN,Assam,BATADROBA,INC,INC,40950,M,1,5,FALSE,TRUE,39.92,131,0.13,51,4,5
AEAS189601,14,0,2016,GAUTAM BORA,GEN,Assam,BATADROBA,INC,INC,40458,M,2,5,FALSE,TRUE,32.83,7436,6.03,56,4,5
AEAS189603,12,0,2006,NAJIRUDDIN AHMED,GEN,Assam,BATADROBA,AUDF,,17134,M,3,2,FALSE,FALSE,16.89,2203,2.17,60,,2
AEAS189603,14,0,2016,NAJIR UDDIN AHMED,GEN,Assam,BATADROBA,AIUDF,AUDF,33022,M,3,2,TRUE,FALSE,26.8,32192,26.12,69,,2
AEAS189674,12,0,2006,SWAPAN KAR,GEN,Assam,LUMDING,NCP,,7037,M,2,3,FALSE,FALSE,18.62,344,0.91,45,1,3
AEAS189674,13,0,2011,SWAPAN KAR,GEN,Assam,LUMDING,AIUDF,NCP,39443,M,1,3,TRUE,FALSE,31.33,1831,1.45,54,1,3
AEAS189674,14,0,2016,SWAPAN KAR,GEN,Assam,LUMDING,AIUDF,AIUDF,39075,M,3,3,FALSE,TRUE,24.96,37843,24.18,59,1,3
AEAS189722,12,0,2006,RUPJYOTI KURMI,GEN,Assam,MARIANI,INC,,33471,M,1,3,FALSE,FALSE,43.41,3017,3.91,28,3,3
AEAS189722,13,0,2011,RUPJYOTI KURMI,GEN,Assam,MORIANI,INC,INC,35754,M,1,3,FALSE,TRUE,46.93,7058,9.27,33,3,3
AEAS189722,14,0,2016,RUPJYOTI KURMI,GEN,Assam,MORIANI,INC,INC,36701,M,1,3,FALSE,TRUE,40.53,1793,1.98,38,3,3
AEAS189733,8,0,1985,PRODIP HAZARIKA,,Assam,AMGURI,IND,,32509,M,1,7,FALSE,FALSE,70.82,22960,50.02,,4,7
AEAS189733,9,0,1991,PRADIP HAZARIKA,,Assam,AMGURI,AGP,IND,13899,M,2,7,FALSE,TRUE,28.55,8862,18.2,,4,7
AEAS189733,10,0,1996,PRADIP HAZARIKA,,Assam,AMGURI,AGP,AGP,33119,M,1,7,FALSE,FALSE,53.19,6803,10.93,,4,7
AEAS189733,11,0,2001,PRADIP HAZARIKA,,Assam,AMGURI,AGP,AGP,30379,M,2,7,FALSE,TRUE,41.34,28886,39.31,,4,7
AEAS189733,12,0,2006,PRODIP HAZARIKA,GEN,Assam,AMGURI,AGP,AGP,44497,M,1,7,FALSE,FALSE,50.36,4778,5.41,48,4,7
AEAS189733,13,0,2011,PRODIP HAZARIKA,GEN,Assam,AMGURI,AGP,AGP,39263,M,2,7,FALSE,TRUE,47.2,37440,45,59,4,7
AEAS189733,14,0,2016,PRODIP HAZARIKA,GEN,Assam,AMGURI,AGP,AGP,42010,M,1,7,FALSE,FALSE,43.75,1620,1.69,64,4,7
AEAS189781,12,0,2006,SANJAY RAJ SUBBA,GEN,Assam,NAOBOICHA,IND,,44869,M,1,3,FALSE,FALSE,37.71,3842,3.23,45,2,3
AEAS189781,13,0,2011,SANJAY RAJ SUBBA,GEN,Assam,NAOBOICHA,INC,IND,33946,M,1,3,FALSE,TRUE,27.06,6658,5.31,50,2,3
AEAS189781,14,0,2016,SANJAY RAJ SUBBA,GEN,Assam,NAOBOICHA,INC,INC,33862,M,3,3,FALSE,TRUE,20.87,25792,15.9,56,2,3
AEAS189783,12,0,2006,RAO GAJENDRA SINGH,GEN,Assam,NAOBOICHA,BJP,,12351,M,3,3,FALSE,FALSE,10.38,2063,1.73,46,,3
AEAS189783,13,0,2011,RAO GAJENDRA SINGH,GEN,Assam,NAOBOICHA,BJP,BJP,22328,M,3,3,FALSE,FALSE,17.8,5473,4.36,51,,3
AEAS189783,14,0,2016,RAO GAJENDRA SINGH,GEN,Assam,NAOBOICHA,BJP,BJP,54770,M,2,3,FALSE,FALSE,33.76,20908,12.89,55,,3
AEAS189792,8,0,1985,UTPAL DUTTA,,Assam,LAKHIMPUR,IND,,29471,M,1,7,FALSE,FALSE,58.42,17676,35.04,,5,7
AEAS189792,9,0,1991,UTPAL DUTTA,,Assam,LAKHIMPUR,AGP,IND,14889,M,2,7,FALSE,TRUE,24.55,10722,17.68,,5,7
AEAS189792,10,0,1996,UTPAL DUTTA,,Assam,LAKHIMPUR,AGP,AGP,32300,M,1,7,FALSE,FALSE,44.68,15016,20.77,,5,7
AEAS189792,11,0,2001,UTPAL DUTTA,,Assam,LAKHIMPUR,AGP,AGP,39936,M,1,7,FALSE,TRUE,46.59,684,0.8,,5,7
AEAS189792,12,0,2006,UTPAL DUTTA,GEN,Assam,LAKHIMPUR,AGP(P),AGP,35962,M,2,7,TRUE,TRUE,32.74,12286,11.18,46,5,7
AEAS189792,13,0,2011,UTPAL DUTTA,GEN,Assam,LAKHIMPUR,AGP,AGP(P),52563,M,1,7,TRUE,FALSE,47.46,1099,0.99,50,5,7
AEAS189792,14,0,2016,UTPAL DUTTA,GEN,Assam,LAKHIMPUR,AGP,AGP,45917,M,1,7,FALSE,TRUE,33.88,4155,3.07,55,5,7
AEAS189798,8,0,1985,BHARAT CHANDRA NARAH,,Assam,DHAKUAKHANA,IND,,30113,M,1,7,FALSE,FALSE,49.56,17598,28.96,,5,7
AEAS189798,9,0,1991,BHARAT CHANDRA NARAH,,Assam,DHAKUAKHANA,AGP,IND,23891,M,1,7,FALSE,TRUE,30.81,5386,6.95,,5,7
AEAS189798,10,0,1996,BHARAT CHANDRA NARAH,,Assam,DHAKUAKHANA,INC,AGP,29752,M,1,7,TRUE,TRUE,35.46,2633,3.14,,5,7
AEAS189798,11,0,2001,BHARAT CHANDRA NARAH,,Assam,DHAKUAKHANA,INC,INC,41190,M,1,7,FALSE,TRUE,42.77,5776,6,,5,7
AEAS189798,12,0,2006,BHARAT CHANDRA NARAH,ST,Assam,DHAKUAKHANA,INC,INC,55677,M,1,7,FALSE,TRUE,43.18,12672,9.83,48,5,7
AEAS189798,13,0,2011,BHARAT CHANDRA NARAH,ST,Assam,DHAKUAKHANA,INC,INC,56456,M,2,7,FALSE,TRUE,44.4,54423,42.8,54,5,7
AEAS189798,14,0,2016,BHARAT CHANDRA NARAH,ST,Assam,DHAKUAKHANA,INC,INC,57014,M,2,7,FALSE,FALSE,38.77,54744,37.22,58,5,7
AEAS189826,12,0,2006,PRASANTA PHUKAN,GEN,Assam,DIBRUGARH,BJP,,28424,M,1,3,FALSE,FALSE,35.65,175,0.22,50,3,3
AEAS189826,13,0,2011,PRASANTA PHUKAN,GEN,Assam,DIBRUGARH,BJP,BJP,46506,M,1,3,FALSE,TRUE,55.15,19609,23.26,55,3,3
AEAS189826,14,0,2016,PRASANTA PHUKAN,GEN,Assam,DIBRUGARH,BJP,BJP,63985,M,1,3,FALSE,TRUE,61.02,27374,26.11,60,3,3
AEAS189857,11,0,2001,RAJU SHAHU,,Assam,CHABUA,INC,,34801,M,1,4,FALSE,FALSE,47.65,14052,19.24,,3,4
AEAS189857,12,0,2006,RAJU SAHU,GEN,Assam,CHABUA,INC,INC,35154,M,1,4,FALSE,TRUE,36.26,3014,3.11,37,3,4
AEAS189857,13,0,2011,RAJU SAHU,GEN,Assam,CHABUA,INC,INC,38576,M,1,4,FALSE,TRUE,40.02,11108,11.52,41,3,4
AEAS189857,14,0,2016,RAJU SAHU,GEN,Assam,CHABUA,INC,INC,38597,M,2,4,FALSE,TRUE,33.26,35585,30.67,46,3,4
AEAS189882,12,0,2006,DURGA BHUMIJ,GEN,Assam,DOOM DOOMA,INC,,24255,M,1,3,FALSE,FALSE,27.31,1996,2.25,35,2,3
AEAS189882,13,0,2011,DURGA BHUMIJ,GEN,Assam,DOOM DOOMA,IND,INC,16971,M,3,3,FALSE,TRUE,19.8,12899,15.05,43,2,3
AEAS189882,14,0,2016,DURGA BHUMIJ,GEN,Assam,DOOM DOOMA,INC,IND,46938,M,1,3,FALSE,FALSE,45.4,782,0.76,48,2,3
AEAS189891,11,0,2001,BOLIN CHETIA,,Assam,SADIYA,INC,,35552,M,2,4,FALSE,FALSE,45.02,32045,40.58,,3,4
AEAS189891,12,0,2006,BOLIN CHETIA,GEN,Assam,SADIYA,INC,INC,47045,M,1,4,FALSE,FALSE,44.84,2794,2.66,37,3,4
AEAS189891,13,0,2011,BOLIN CHETIA,GEN,Assam,SADIYA,INC,INC,46318,M,1,4,FALSE,TRUE,44.95,6867,6.66,40,3,4
AEAS189891,14,0,2016,BOLIN CHETIA,GEN,Assam,SADIYA,BJP,INC,38845,M,1,4,TRUE,TRUE,32.14,6566,5.43,46,3,4
AEAS189904,11,1,2003,KRIPANATH MALLAH,,Assam,Ratabari(SC),INC,,49104,M,1,3,FALSE,FALSE,60.85,31170,38.63,,3,3
AEAS189904,13,0,2011,KRIPANATH MALLAH,SC,Assam,RATABARI,INC,INC,33043,M,1,3,FALSE,FALSE,39.82,12429,14.98,35,3,3
AEAS189904,14,0,2016,KRIPANATH MALLAH,SC,Assam,RATABARI,BJP,INC,53975,M,1,3,TRUE,TRUE,47.93,24526,21.78,40,3,3
AEAS189922,9,0,1991,MISSION RANJAN DAS,,Assam,KARIMGANJ NORTH,BJP,,34288,M,1,7,FALSE,FALSE,42.72,13209,16.46,,4,6
AEAS189922,10,0,1996,MISSION RANJAN DAS,,Assam,KARIMGANJ NORTH,BJP,BJP,35561,M,2,7,FALSE,TRUE,38.23,22793,24.5,,4,6
AEAS189922,10,1,2000,Mission Ranjan Das,,Assam,KARIMGANJNORTH,BJP,BJP,34851,M,1,7,FALSE,FALSE,40.44,6422,7.45,,4,6
AEAS189922,11,0,2001,MISSION RANJAN DAS,,Assam,KARIMGANJ NORTH,BJP,BJP,45429,M,1,7,FALSE,TRUE,46.41,17321,17.7,,4,6
AEAS189922,12,0,2006,MISSION RANJAN DAS,GEN,Assam,KARIMGANJ NORTH,BJP,BJP,32666,M,1,7,FALSE,TRUE,32.96,4681,4.72,44,4,6
AEAS189922,13,0,2011,MISSION RANJAN DAS,GEN,Assam,KARIMGANJ NORTH,BJP,BJP,27257,M,2,7,FALSE,TRUE,25.14,3760,3.47,50,4,6
AEAS189922,14,0,2016,MISSION RANJAN DAS,GEN,Assam,KARIMGANJ NORTH,BJP,BJP,44821,M,2,7,FALSE,FALSE,34.27,10614,8.12,54,4,6
AEAS189942,11,0,2001,JAMAL UDDIN AHMOD,,Assam,BADARPUR,AITC,,30471,M,1,4,FALSE,FALSE,40.63,1908,2.54,,3,4
AEAS189942,12,0,2006,JAMAL UDDIN AHMED,GEN,Assam,BADARPUR,INC,AITC,22573,M,3,4,TRUE,TRUE,27.91,20750,25.65,48,3,4
AEAS189942,13,0,2011,JAMAL UDDIN AHMED,GEN,Assam,BADARPUR,INC,INC,35869,M,1,4,FALSE,FALSE,39.16,7382,8.06,56,3,4
AEAS189942,14,0,2016,JAMAL UDDIN AHMED,GEN,Assam,BADARPUR,INC,INC,38266,M,1,4,FALSE,TRUE,34.01,2088,1.86,61,3,4
AEAS190005,11,0,2001,AMINUL HAQUE LASKAR,,Assam,SONAI,AGP,,16189,M,3,3,FALSE,FALSE,19.24,9585,11.39,,1,3
AEAS190005,12,0,2006,AMINUL HOQUE LASKAR,GEN,Assam,SONAI,AGP(P),AGP,5989,M,5,3,TRUE,FALSE,6.48,4942,5.35,41,1,3
AEAS190005,14,0,2016,AMINUL HAQUE LASKAR,GEN,Assam,SONAI,BJP,AGP(P),44236,M,1,3,TRUE,FALSE,35.83,7553,6.12,50,1,3
AEAS190015,9,0,1991,PARIMAL SUKLABAIDYA,,Assam,DHOLAI,BJP,,32678,M,1,6,FALSE,FALSE,45.39,16312,22.66,,4,6
AEAS190015,10,0,1996,PARIMAL SUKLABAIDYA,,Assam,DHOLAI,BJP,BJP,23175,M,3,6,FALSE,TRUE,30.43,22272,29.24,,4,6
AEAS190015,11,0,2001,PARIMAL SUKLABAIDYA,,Assam,DHOLAI,BJP,BJP,26284,M,1,6,FALSE,FALSE,34.74,3354,4.43,,4,6
AEAS190015,12,0,2006,PARIMAL SUKLABAIDYA,SC,Assam,DHOLAI,BJP,BJP,35919,M,1,6,FALSE,TRUE,37.21,12990,13.46,44,4,6
AEAS190015,13,0,2011,PARIMAL SUKLABAIDYA,SC,Assam,DHOLAI,BJP,BJP,38364,M,2,6,FALSE,TRUE,37.29,33334,32.4,51,4,6
AEAS190015,14,0,2016,PARIMAL SUKLABAIDYA,SC,Assam,DHOLAI,BJP,BJP,68694,M,1,6,FALSE,FALSE,53.54,26837,20.92,58,4,6
AEAS190091,11,0,2001,RUPON SING RONGHANG,,Assam,BAITHALANGSO,INC,,39446,M,1,2,FALSE,FALSE,41.81,977,1.04,,1,2
AEAS190091,14,1,2016,Ruponsing Ronghang,,Assam,BAITHALANGSO,INC,INC,55560,M,2,2,FALSE,FALSE,42.32,51984,39.59,,1,2
AEAS190129,9,0,1991,ALI AKBAR MIAH,,Assam,BILASIPARA WEST,UMF,,12741,M,2,6,FALSE,FALSE,20.24,3095,4.92,,2,6
AEAS190129,10,0,1996,ALI AKBAR MIAH,,Assam,BILASIPARA WEST,AIIC(T),UMF,18151,M,1,6,TRUE,FALSE,25.99,2538,3.63,,2,6
AEAS190129,11,0,2001,ALI AKBAR MIAH,,Assam,BILASIPARA WEST,AGP,AIIC(T),23801,M,1,6,TRUE,TRUE,29.93,2225,2.8,,2,6
AEAS190129,12,0,2006,ALI AKBAR MIAH,GEN,Assam,BILASIPARA WEST,NCP,AGP,17301,M,2,6,TRUE,TRUE,17.23,2549,2.54,45,2,6
AEAS190129,13,0,2011,ALI AKBAR MIAH,GEN,Assam,BILASIPARA WEST,INC,NCP,36717,M,2,6,TRUE,FALSE,32.81,13647,12.19,46,2,6
AEAS190129,14,0,2016,ALI AKBAR MIAH,GEN,Assam,BILASIPARA WEST,IND,INC,33205,M,2,6,FALSE,FALSE,24.15,7690,5.59,57,2,6
AEAS190203,11,0,2001,SHEIKH SHAH ALAM,,Assam,GOALPARA WEST,NCP,,27098,M,1,3,FALSE,FALSE,35.7,13104,17.26,,2,3
AEAS190203,13,0,2011,SHEIKH SHAH ALAM,GEN,Assam,GOALPARA WEST,AIUDF,NCP,37800,M,1,3,TRUE,FALSE,34.18,10938,9.89,40,2,3
AEAS190203,14,0,2016,SHEIKH SHAH ALAM,GEN,Assam,GOALPARA WEST,AIUDF,AIUDF,36668,M,2,3,FALSE,TRUE,26.91,4236,3.11,45,2,3
AEAS190215,9,0,1991,SAHABUDDIN AHMED,,Assam,JALESWAR,AGP,,10423,M,3,4,FALSE,FALSE,17.31,6387,10.61,,1,4
AEAS190215,10,0,1996,SAHABUDDIN,,Assam,JALESWAR,AGP,AGP,18863,M,2,4,FALSE,FALSE,29.93,5780,9.17,,1,4
AEAS190215,11,0,2001,SAHABUDDIN AHMED,,Assam,JALESWAR,AGP,AGP,8192,M,3,4,FALSE,FALSE,11.92,5497,8,,1,4
AEAS190215,14,0,2016,SAHAB UDDIN AHMED,GEN,Assam,JALESWAR,AIUDF,AGP,56003,M,1,4,TRUE,FALSE,43.65,6662,5.19,56,1,4
AEAS190315,8,0,1985,ATUL BORA,,Assam,DISPUR,IND,,45803,M,1,6,FALSE,FALSE,62.13,27849,37.78,,3,6
AEAS190315,9,0,1991,ATUL BORA,,Assam,DISPUR,AGP,IND,26175,M,1,6,FALSE,TRUE,33.54,11366,14.57,,3,6
AEAS190315,11,0,2001,ATUL BORA,,Assam,DISPUR,IND,AGP,43492,M,2,6,FALSE,FALSE,34.26,17804,14.02,,3,6
AEAS190315,12,0,2006,ATUL BORA,GEN,Assam,DISPUR,TNGP,IND,51648,M,2,6,FALSE,FALSE,29.87,1305,0.75,54,3,6
AEAS190315,13,0,2011,ATUL BORA.,GEN,Assam,DISPUR,AGP,TNGP,74849,M,2,6,TRUE,FALSE,37.37,45784,22.86,60,3,6
AEAS190315,14,0,2016,ATUL BORA,GEN,Assam,DISPUR,BJP,AGP,198378,M,1,6,TRUE,FALSE,71.14,130197,46.69,65,3,6
AEAS190340,8,0,1985,RAMENDRA NARAYAN KALITA,,Assam,GAUHATI WEST,IND,,43149,M,1,7,FALSE,FALSE,59.89,27979,38.84,,5,7
AEAS190340,9,0,1991,RAMENDRA NARAYAN KALITA,,Assam,GAUHATI WEST,NAGP,IND,14161,M,1,7,FALSE,TRUE,20.26,1645,2.35,,5,7
AEAS190340,10,0,1996,RAMENDRA NARAYAN KALITA,,Assam,GAUHATI WEST,AGP,NAGP,38786,M,1,7,TRUE,TRUE,44.41,13454,15.41,,5,7
AEAS190340,11,0,2001,RAMENDRA NARAYAN KALITA,,Assam,GAUHATI WEST,AGP,AGP,24395,M,3,7,FALSE,TRUE,23.59,17263,16.69,,5,7
AEAS190340,12,0,2006,RAMENDRA NARAYAN KALITA,GEN,Assam,GAUHATI WEST,AGP,AGP,51785,M,1,7,FALSE,FALSE,36.36,9374,6.58,45,5,7
AEAS190340,13,0,2011,RAMENDRA NARAYAN KALITA,GEN,Assam,GAUHATI WEST,AGP,AGP,35361,M,3,7,FALSE,TRUE,22.45,22719,14.42,52,5,7
AEAS190340,14,0,2016,RAMENDRA NARAYAN KALITA,GEN,Assam,GAUHATI WEST,AGP,AGP,132184,M,1,7,FALSE,FALSE,64.07,89910,43.58,57,5,7
AEAS190346,9,0,1991,NURUL HUSSAIN,,Assam,HAJO,AGP,,7278,M,4,6,FALSE,FALSE,10.28,2799,3.95,,2,6
AEAS190346,10,0,1996,NURUL HUSSAIN,,Assam,HAJO,AGP,AGP,45306,M,1,6,FALSE,FALSE,61.35,33718,45.66,,2,6
AEAS190346,11,0,2001,NURUL HUSSAIN,,Assam,HAJO,AGP,AGP,30306,M,2,6,FALSE,TRUE,36.4,24051,28.88,,2,6
AEAS190346,12,0,2006,NURUL HUSSAIN,GEN,Assam,HAJO,AGP,AGP,38917,M,1,6,FALSE,FALSE,35.25,9032,8.18,45,2,6
AEAS190346,13,0,2011,NURUL HUSSAIN,GEN,Assam,HAJO,AGP,AGP,21140,M,3,6,FALSE,TRUE,19.52,9065,8.37,50,2,6
AEAS190346,14,0,2016,NURUL HUSSAIN,GEN,Assam,HAJO,AGP,AGP,16608,M,3,6,FALSE,FALSE,12.29,9935,7.35,55,2,6
AEAS190384,9,0,1991,PANI RAM RABHA,,Assam,BARAMA,NAGP,,21927,M,1,6,FALSE,FALSE,30.04,2328,3.19,,2,6
AEAS190384,10,0,1996,PANIRAM RABHA,,Assam,BARAMA,IND,NAGP,10484,M,3,6,FALSE,TRUE,14.42,5253,7.23,,2,6
AEAS190384,11,0,2001,PANIRAM RABHA,,Assam,BARAMA,INC,IND,34331,M,1,6,FALSE,FALSE,39.04,8252,9.38,,2,6
AEAS190384,12,0,2006,PANIRAM RABHA,ST,Assam,BARAMA,INC,INC,27912,M,2,6,FALSE,TRUE,28.91,8483,8.79,46,2,6
AEAS190384,13,0,2011,PANIRAM RABHA,ST,Assam,BARAMA,INC,INC,21215,M,3,6,FALSE,FALSE,20.6,9342,9.07,51,2,6
AEAS190384,14,0,2016,PANI RAM RABHA,ST,Assam,BARAMA,INC,INC,14373,M,4,6,FALSE,FALSE,12.03,12396,10.37,56,2,6
AEAS190386,8,0,1985,REKHA RANI DAS BORO,,Assam,BARAMA,IND,,36434,F,1,7,FALSE,FALSE,54.54,15029,22.5,,2,7
AEAS190386,9,0,1991,REKHA RANI DAS BORO,,Assam,BARAMA,AGP,IND,19599,F,2,7,FALSE,TRUE,26.85,1456,1.99,,2,7
AEAS190386,10,0,1996,REKHA RANI DAS BORO,,Assam,BARAMA,AGP,AGP,28656,F,1,7,FALSE,FALSE,39.41,9866,13.57,,2,7
AEAS190386,11,0,2001,REKHA RANI DAS BORO,,Assam,BARAMA,AGP,AGP,24577,F,3,7,FALSE,TRUE,27.94,22613,25.71,,2,7
AEAS190386,12,0,2006,REKHA RANI DAS BORO,ST,Assam,BARAMA,IND,AGP,19429,F,3,7,FALSE,FALSE,20.13,2325,2.41,47,2,7
AEAS190386,13,0,2011,REKHA RANI DASBORO,ST,Assam,BARAMA,AGP,IND,24373,F,2,7,FALSE,FALSE,23.66,3158,3.07,50,2,7
AEAS190386,14,0,2016,REKHA RANI DAS BORO,ST,Assam,BARAMA,IND,AGP,35493,F,2,7,FALSE,FALSE,29.7,14623,12.24,55,2,7
AEAS190477,10,0,1996,PRANESWAR BASUMATARY,,Assam,SOOTEA,IND,,18144,M,2,4,FALSE,FALSE,23.36,8036,10.35,,2,4
AEAS190477,11,0,2001,PRANESWAR BASUMATARI,,Assam,SOOTEA,INC,IND,43559,M,1,4,FALSE,FALSE,48.67,765,0.85,,2,4
AEAS190477,12,0,2006,PRANESWAR BASUMATARY,ST,Assam,SOOTEA,INC,INC,5007,M,1,4,FALSE,TRUE,37.59,816,6.13,37,2,4
AEAS190477,14,0,2016,PRANESWAR BASUMATARY,ST,Assam,SOOTEA,INC,INC,58622,M,2,4,FALSE,FALSE,44.51,53708,40.78,46,2,4
AEAS190491,11,0,2001,RANJIT DUTTA,,Assam,BEHALI,BJP,,33348,M,1,4,FALSE,FALSE,50.65,13529,20.55,,3,4
AEAS190491,12,0,2006,RANJIT DUTTA,GEN,Assam,BEHALI,BJP,BJP,28633,M,1,4,FALSE,TRUE,35.76,8979,11.21,49,3,4
AEAS190491,13,0,2011,RANJIT DUTTA,GEN,Assam,BIHALI,BJP,BJP,22662,M,2,4,FALSE,TRUE,28.02,9878,12.21,49,3,4
AEAS190491,14,0,2016,RANJIT DUTTA,GEN,Assam,BIHALI,BJP,BJP,52152,M,1,4,FALSE,FALSE,56.2,23601,25.43,59,3,4
AEAS190505,10,0,1996,JONJONALI BARUA,,Assam,MARIGAON,INC,,21433,F,2,5,FALSE,FALSE,28.19,10331,13.59,,3,5
AEAS190505,11,0,2001,JONJONALI BARUAH,,Assam,MARIGAON,INC,INC,37521,F,1,5,FALSE,FALSE,42.07,17153,19.23,,3,5
AEAS190505,12,0,2006,JONJONALI BARUAH,GEN,Assam,MARIGAON,INC,INC,48201,F,1,5,FALSE,TRUE,41.6,8702,7.51,48,3,5
AEAS190505,13,0,2011,JONJONALI BARUAH,GEN,Assam,MORIGAON,INC,INC,55811,F,1,5,FALSE,TRUE,48.02,27721,23.85,53,3,5
AEAS190505,14,0,2016,JONJONALI BARUAH,GEN,Assam,MORIGAON,INC,INC,51046,F,2,5,FALSE,TRUE,36.13,47520,33.63,57,3,5
AEAS190569,11,0,2001,ROCKYBUL HUSSAIN,,Assam,SAMAGURI,INC,,38022,M,1,4,FALSE,FALSE,48.91,3386,4.36,,4,4
AEAS190569,12,0,2006,ROCKYBUL HUSSAIN,GEN,Assam,SAMAGURI,INC,INC,51607,M,1,4,FALSE,TRUE,51.18,15132,15.01,41,4,4
AEAS190569,13,0,2011,ROCKYBUL HUSSAIN,GEN,Assam,SAMAGURI,INC,INC,61332,M,1,4,FALSE,TRUE,57.12,19860,18.49,46,4,4
AEAS190569,14,0,2016,RAKIBUL HUSSAIN,GEN,Assam,SAMAGURI,INC,INC,66364,M,1,4,FALSE,TRUE,51.95,14515,11.36,51,4,4
AEAS190602,11,0,2001,AJANTA NEOG,,Assam,GOLAGHAT,INC,,52134,F,1,4,FALSE,FALSE,55.14,10930,11.56,,4,4
AEAS190602,12,0,2006,AJANTA NEOG,GEN,Assam,GOLAGHAT,INC,INC,66072,F,1,4,FALSE,TRUE,53.24,16202,13.05,42,4,4
AEAS190602,13,0,2011,AJANTA NEOG,GEN,Assam,GOLAGHAT,INC,INC,79648,F,1,4,FALSE,TRUE,64.88,46171,37.61,47,4,4
AEAS190602,14,0,2016,AJANTA NEOG,GEN,Assam,GOLAGHAT,INC,INC,73862,F,1,4,FALSE,TRUE,50.17,5213,3.54,52,4,4
AEAS190629,10,1,2000,Rajib Lochan Pegu,,Assam,MAJULI(ST)Gudivada,INC,,17495,M,2,5,FALSE,FALSE,25.07,432,0.62,,3,5
AEAS190629,11,0,2001,RAJIB LOCHAN PEGU,,Assam,MAJULI,INC,INC,22608,M,1,5,FALSE,FALSE,31.61,2400,3.36,,3,5
AEAS190629,12,0,2006,RAJIB LOCHAN PEGU,ST,Assam,MAJULI,INC,INC,36773,M,1,5,FALSE,TRUE,41.61,12493,14.14,48,3,5
AEAS190629,13,0,2011,RAJIB LOCHAN PEGU,ST,Assam,MAJULI,INC,INC,39655,M,1,5,FALSE,TRUE,46.36,15964,18.66,50,3,5
AEAS190629,14,0,2016,RAJIB LOCHAN PEGU,ST,Assam,MAJULI,INC,INC,30679,M,2,5,FALSE,TRUE,31.38,14984,15.33,55,3,5
AEAS190689,11,0,2001,KUSHAL DOWARI,,Assam,THOWRA,IND,,12720,M,2,4,FALSE,FALSE,22.36,373,0.66,,2,4
AEAS190689,12,0,2006,KUSHAL DOWARI,GEN,Assam,THOWRA,IND,IND,22022,M,1,4,FALSE,FALSE,30.44,6411,8.86,40,2,4
AEAS190689,13,0,2011,KUSHAL DOWARI,GEN,Assam,THOWRA,IND,IND,24274,M,2,4,FALSE,TRUE,33.98,14509,20.31,45,2,4
AEAS190689,14,0,2016,KUSHAL DOWARI,GEN,Assam,THOWRA,BJP,IND,41560,M,1,4,FALSE,FALSE,48.42,1226,1.43,50,2,4
AEAS190740,11,0,2001,SUMITRA PATIR,,Assam,DHEMAJI,INC,,30685,F,2,4,FALSE,FALSE,28.79,4286,4.02,,2,4
AEAS190740,12,0,2006,SUMITRA PATIR,ST,Assam,DHEMAJI,INC,INC,44960,F,1,4,FALSE,FALSE,30.94,9119,6.28,46,2,4
AEAS190740,13,0,2011,SUMITRA DOLEY PATIR,ST,Assam,DHEMAJI,INC,INC,59633,F,1,4,FALSE,TRUE,42.64,7285,5.21,54,2,4
AEAS190740,14,0,2016,SUMITRA DOLEY PATIR,ST,Assam,DHEMAJI,INC,INC,50471,F,2,4,FALSE,TRUE,29.66,28597,16.81,59,2,4
AEAS190839,11,0,2001,PRADYUT BORDOLOI,,Assam,MARGHERITA,INC,,48377,M,1,4,FALSE,FALSE,57.07,25618,30.22,,3,4
AEAS190839,12,0,2006,PRADYUT BORDOLOI,GEN,Assam,MARGHERITA,INC,INC,59812,M,1,4,FALSE,TRUE,50.51,30743,25.96,48,3,4
AEAS190839,13,0,2011,PRADYUT BORDOLOI,GEN,Assam,MARGHERITA,INC,INC,57615,M,1,4,FALSE,TRUE,52.15,16609,15.03,52,3,4
AEAS190839,14,0,2016,PRADYUT BORDOLOI,GEN,Assam,MARGHERITA,INC,INC,53621,M,2,4,FALSE,TRUE,39.21,51484,37.65,57,3,4
AEAS191045,10,1,1998,Ajit Singh,,Assam,UDHARBOND,INC,,34879,M,1,5,FALSE,FALSE,45.98,14156,18.66,,4,5
AEAS191045,11,0,2001,AJIT SINGH,,Assam,UDHARBOND,INC,INC,30657,M,1,5,FALSE,TRUE,43.47,3989,5.66,,4,5
AEAS191045,12,0,2006,AJIT SINGH,GEN,Assam,UDHARBOND,INC,INC,39432,M,1,5,FALSE,TRUE,44.16,17245,19.31,45,4,5
AEAS191045,13,0,2011,AJIT SINGH,GEN,Assam,UDHARBOND,INC,INC,56755,M,1,5,FALSE,TRUE,61.41,44435,48.08,49,4,5
AEAS191045,14,0,2016,AJIT SINGH,GEN,Assam,UDHARBOND,INC,INC,45598,M,2,5,FALSE,TRUE,40.65,36883,32.88,55,4,5
AEAS191379,10,0,1996,SHEIKH ABDUL HAMID,,Assam,BAGHBAR,UMFA,,20407,M,1,2,FALSE,FALSE,39.68,6690,13.01,,1,2
AEAS191379,14,0,2016,SHEIKH ABDUL HAMID,GEN,Assam,BAGHBAR,AIUDF,UMFA,29907,M,2,2,TRUE,FALSE,23.48,11550,9.07,58,1,2
AEAS191408,9,0,1991,SUKUR ALI,,Assam,CHENGA,GGS,,1555,M,7,6,FALSE,FALSE,2.75,317,0.56,,4,6
AEAS191408,10,0,1996,SUKUR ALI,,Assam,CHENGA,INC,GGS,17366,M,1,6,TRUE,FALSE,32.29,3489,6.49,,4,6
AEAS191408,11,0,2001,SUKUR ALI AHMED,,Assam,CHENGA,INC,INC,24686,M,1,6,FALSE,TRUE,39.8,967,1.56,,4,6
AEAS191408,12,0,2006,SUKUR ALI AHMED,GEN,Assam,CHENGA,INC,INC,3307,M,2,6,FALSE,TRUE,17.98,1386,7.54,41,4,6
AEAS191408,13,0,2011,SUKUR ALI AHMED,GEN,Assam,CHENGA,INC,INC,36886,M,1,6,FALSE,FALSE,42.06,12482,14.23,46,4,6
AEAS191408,14,0,2016,SUKUR ALI AHMED,GEN,Assam,CHENGA,INC,INC,51882,M,1,6,FALSE,TRUE,47.25,23357,21.27,57,4,6
AEAS191559,8,0,1985,CHANDRA MOHAN PATOWARI,,Assam,DHARMAPUR,IND,,46843,M,1,7,FALSE,FALSE,76.05,35287,57.29,,5,7
AEAS191559,9,0,1991,CHANDRA MOHAN PATOWARY,,Assam,DHARMAPUR,IND,IND,19490,M,1,7,FALSE,TRUE,33.2,8259,14.07,,5,7
AEAS191559,10,0,1996,CHANDRA MOHAN PATOWARY,,Assam,DHARMAPUR,AGP,IND,47894,M,1,7,FALSE,TRUE,70.6,30555,45.04,,5,7
AEAS191559,11,0,2001,CHANDRA MOHAN PATOWARY,,Assam,DHARMAPUR,AGP,AGP,36223,M,2,7,FALSE,TRUE,48.69,35729,48.03,,5,7
AEAS191559,12,0,2006,CHANDRA MOHAN PATOWARY,GEN,Assam,DHARMAPUR,AGP,AGP,51926,M,1,7,FALSE,FALSE,54.24,9554,9.98,42,5,7
AEAS191559,13,0,2011,CHANDRA MOHAN PATOWARY,GEN,Assam,DHARMAPUR,AGP,AGP,45455,M,2,7,FALSE,TRUE,45.95,44083,44.56,54,5,7
AEAS191559,14,0,2016,CHANDRA MOHAN PATOWARY,GEN,Assam,DHARMAPUR,BJP,AGP,70503,M,1,7,TRUE,FALSE,63.55,33943,30.59,58,5,7
AEAS191570,10,0,1996,GANESWAR BRAHMA,,Assam,BARAMA,IND,,2021,M,7,4,FALSE,FALSE,2.78,825,1.13,,3,4
AEAS191570,12,0,2006,MANESWAR BRAHMA,ST,Assam,BARAMA,IND,IND,30615,M,1,4,FALSE,FALSE,31.71,2703,2.8,38,3,4
AEAS191570,13,0,2011,MANESWAR BRAHMA,ST,Assam,BARAMA,BOPF,IND,42692,M,1,4,FALSE,TRUE,41.45,18319,17.78,39,3,4
AEAS191570,14,0,2016,MANESWAR BRAHMA,ST,Assam,BARAMA,BOPF,BOPF,45289,M,1,4,FALSE,TRUE,37.9,9796,8.2,44,3,4
AEAS191847,10,0,1996,ATUL BORA,,Assam,GOLAGHAT,AGP,,41786,M,1,5,FALSE,FALSE,48.63,11890,13.84,,2,5
AEAS191847,11,0,2001,ATUL BORA,,Assam,GOLAGHAT,AGP,AGP,41204,M,2,5,FALSE,TRUE,43.58,40002,42.31,,2,5
AEAS191847,12,0,2006,ATUL BORA,GEN,Assam,GOLAGHAT,AGP,AGP,49870,M,2,5,FALSE,FALSE,40.18,46701,37.63,45,2,5
AEAS191847,13,0,2011,ATUL BORA,GEN,Assam,BOKAKHAT,AGP,AGP,22216,M,3,5,FALSE,FALSE,23.97,17294,18.66,50,2,5
AEAS191847,14,0,2016,ATUL BORA,GEN,Assam,BOKAKHAT,AGP,AGP,62962,M,1,5,FALSE,FALSE,59.71,40193,38.11,55,2,5
AEAS192067,10,0,1996,ATUWA MUNDA,,Assam,TINGKHONG,INC,,28910,M,1,5,FALSE,FALSE,44.86,1957,3.04,,3,5
AEAS192067,11,0,2001,ETUWA MUNDA,,Assam,TINGKHONG,INC,INC,31743,M,1,5,FALSE,TRUE,45.37,404,0.58,,3,5
AEAS192067,12,0,2006,ETUWA MUNDA,GEN,Assam,TINGKHONG,INC,INC,1852,M,4,5,FALSE,TRUE,11.93,660,4.25,39,3,5
AEAS192067,13,0,2011,ATUWA MUNDA,GEN,Assam,TINGKHONG,INC,INC,41839,M,1,5,FALSE,FALSE,48.96,15524,18.17,49,3,5
AEAS192067,14,0,2016,ATUWA MUNDA,GEN,Assam,TINGKHONG,INC,INC,38734,M,2,5,FALSE,TRUE,37.07,35799,34.26,55,3,5
AEAS192191,9,0,1991,DIPAK DEB,,Assam,BADARPUR,BJP,,19912,M,2,4,FALSE,FALSE,25.57,17560,22.55,,,4
AEAS192191,10,0,1996,DIPAK DEB,,Assam,BADARPUR,BJP,BJP,24891,M,2,4,FALSE,FALSE,33.81,17096,23.22,,,4
AEAS192191,11,0,2001,DIPAK DEB,,Assam,BADARPUR,BJP,BJP,28563,M,2,4,FALSE,FALSE,38.09,15289,20.39,,,4
AEAS192191,14,0,2016,DIPAK DEB,GEN,Assam,BADARPUR,BJP,BJP,35694,M,3,4,FALSE,FALSE,31.72,35098,31.19,50,,4
AEAS192301,9,0,1991,MISBAHUL ISLAM LASKAR,,Assam,BARKHOLA,INC,,7549,M,3,6,FALSE,FALSE,11.38,4853,7.32,,2,6
AEAS192301,10,0,1996,MISBAHUL ISLAM LASKAR,,Assam,BARKHOLA,INC,INC,32934,M,1,6,FALSE,FALSE,47.65,12382,17.92,,2,6
AEAS192301,11,0,2001,MISBAHUL ISLAM LASKAR,,Assam,BARKHOLA,INC,INC,34530,M,1,6,FALSE,TRUE,48,3505,4.87,,2,6
AEAS192301,12,0,2006,MISBAUL ISLAM LASKAR,GEN,Assam,BARKHOLA,INC,INC,25092,M,2,6,FALSE,TRUE,31.64,8780,11.07,50,2,6
AEAS192301,13,0,2011,MISBAHUL ISLAM LASKAR,GEN,Assam,BARKHOLA,IND,INC,34189,M,2,6,FALSE,FALSE,38.65,30012,33.93,55,2,6
AEAS192301,14,0,2016,MISBAHUL ISLAM LASKAR,GEN,Assam,BARKHOLA,IND,IND,36440,M,2,6,FALSE,FALSE,34.86,14494,13.87,60,2,6
AEAS192364,9,0,1991,WAZED ALI CHOUDHURY,,Assam,SALMARA SOUTH,INC,,18172,M,2,7,FALSE,FALSE,27.26,6210,9.32,,4,6
AEAS192364,10,0,1996,WAZED ALI CHOUDHURY,,Assam,SALMARA SOUTH,INC,INC,43355,M,1,7,FALSE,FALSE,59.65,26497,36.46,,4,6
AEAS192364,11,0,2001,WAZED ALI CHOUDHURY,,Assam,SALMARA SOUTH,INC,INC,47329,M,1,7,FALSE,TRUE,59.18,20146,25.19,,4,6
AEAS192364,12,0,2006,WAZED ALI CHOUDHURY,GEN,Assam,SALMARA SOUTH,INC,INC,39387,M,2,7,FALSE,TRUE,37.63,35678,34.08,44,4,6
AEAS192364,12,1,2009,Wazed Ali Choudhary,,Assam,SALMARA SOUTH,INC,INC,53469,,1,7,FALSE,FALSE,51.85,6553,6.36,,4,6
AEAS192364,13,0,2011,WAZED ALI CHOUDHURY,GEN,Assam,SALMARA SOUTH,INC,INC,58498,M,2,7,FALSE,TRUE,47.5,56898,46.2,49,4,6
AEAS192364,14,0,2016,WAZED ALI CHOUDHURY,GEN,Assam,SALMARA SOUTH,INC,INC,80066,M,1,7,FALSE,FALSE,54.43,16723,11.37,54,4,6
AEAS192387,9,0,1991,BANENDRA MUSHAHARI,,Assam,GAURIPUR,IND,,15497,M,3,6,FALSE,FALSE,19.9,1280,1.64,,3,6
AEAS192387,10,0,1996,BANENDRA KUMAR MUSHAHARY,,Assam,GAURIPUR,IND,IND,27480,M,1,6,FALSE,FALSE,32.13,2991,3.5,,3,6
AEAS192387,11,0,2001,BANENDRA KUMAR MUSHAHARY,,Assam,GAURIPUR,AGP,IND,50624,M,1,6,FALSE,TRUE,51.12,3292,3.32,,3,6
AEAS192387,12,0,2006,BANENDRA KUMAR MUSHAHARY,ST,Assam,GAURIPUR,AGP,AGP,42685,M,2,6,FALSE,TRUE,35.84,33198,27.87,42,3,6
AEAS192387,13,0,2011,BANENDRA KUMAR MUSHAHARY,ST,Assam,GAURIPUR,BOPF,AGP,53849,M,1,6,TRUE,FALSE,40.43,16659,12.51,52,3,6
AEAS192387,14,0,2016,BANENDRA KUMAR MUSHAHARY,ST,Assam,GAURIPUR,BOPF,BOPF,53512,M,2,6,FALSE,TRUE,33.28,30410,18.91,57,3,6
AEAS192447,9,0,1991,PRAMILA BRAHMA,,Assam,KOKRAJHAR EAST,IND,,66390,F,1,6,FALSE,FALSE,79.24,54699,65.29,,5,6
AEAS192447,10,0,1996,PRAMILA RANI BRAHMA,,Assam,KOKRAJHAR EAST,IND,IND,37553,F,1,6,FALSE,TRUE,45.09,19723,23.68,,5,6
AEAS192447,11,0,2001,PRAMILA RANI BRAHMA,,Assam,KOKRAJHAR EAST,IND,IND,90553,F,1,6,FALSE,TRUE,81.91,76195,68.92,,5,6
AEAS192447,12,0,2006,PROMILA RANI BRAHMA,ST,Assam,KOKRAJHAR EAST,IND,IND,978,F,4,6,FALSE,TRUE,7.96,235,1.91,54,5,6
AEAS192447,13,0,2011,PRAMILA RANI BRAHMA,ST,Assam,KOKRAJHAR EAST,BOPF,IND,74670,F,1,6,FALSE,FALSE,66.13,45904,40.66,59,5,6
AEAS192447,14,0,2016,PRAMILA RANI BRAHMA,ST,Assam,KOKRAJHAR EAST,BOPF,BOPF,76496,F,1,6,FALSE,TRUE,55.34,40091,29,65,5,6
AEAS192454,8,0,1985,PHANI BHOOSAN CHAUDHARY,,Assam,BONGAIGAON,IND,,27068,M,1,7,FALSE,FALSE,47.13,13438,23.4,,7,7
AEAS192454,9,0,1991,PHANI BHOOSAN CHOUDHARY,,Assam,BONGAIGAON,AGP,IND,27055,M,1,7,FALSE,TRUE,39.72,5776,8.48,,7,7
AEAS192454,10,0,1996,PHANI BHUSAN CHOUDHURY,,Assam,BONGAIGAON,AGP,AGP,39301,M,1,7,FALSE,TRUE,50.72,24758,31.95,,7,7
AEAS192454,11,0,2001,PHANI BHUSAN CHOUDHURY,,Assam,BONGAIGAON,AGP,AGP,52814,M,1,7,FALSE,TRUE,61.52,26860,31.29,,7,7
AEAS192454,12,0,2006,PHANI BHUSAN CHOUDHURY,GEN,Assam,BONGAIGAON,AGP,AGP,48302,M,1,7,FALSE,TRUE,46.65,27673,26.73,53,7,7
AEAS192454,13,0,2011,PHANI BHUSAN CHOUDHURY,GEN,Assam,BONGAIGAON,AGP,AGP,45871,M,1,7,FALSE,TRUE,40.78,12397,11.02,58,7,7
AEAS192454,14,0,2016,PHANI BHUSAN CHOUDHURY,GEN,Assam,BONGAIGAON,AGP,AGP,77292,M,1,7,FALSE,TRUE,56.03,31320,22.7,64,7,7
AEAS192515,9,0,1991,SHADEED MAZUMDAR,,Assam,GOALPARA EAST,IND,,6614,M,4,6,FALSE,FALSE,9.48,1305,1.87,,1,6
AEAS192515,10,0,1996,SHADEED MAZUMDAR,,Assam,GOALPARA EAST,IND,IND,20411,M,2,6,FALSE,FALSE,25.26,5465,6.76,,1,6
AEAS192515,11,0,2001,SHADEED MAZUMDER,,Assam,GOALPARA EAST,NCP,IND,36766,M,1,6,FALSE,FALSE,38.88,12600,13.32,,1,6
AEAS192515,12,0,2006,SHADEED MAZUMDER,GEN,Assam,GOALPARA EAST,INC,NCP,25901,M,3,6,TRUE,TRUE,20.45,1098,0.87,48,1,6
AEAS192515,13,0,2011,SHADEED MAZUMDER,GEN,Assam,GOALPARA EAST,IND,INC,23580,M,3,6,FALSE,FALSE,17.38,3682,2.71,53,1,6
AEAS192515,14,0,2016,SHADEED MAZUMDER,GEN,Assam,GOALPARA EAST,AIUDF,IND,27778,M,3,6,FALSE,FALSE,16.22,15640,9.14,60,1,6
AEAS192539,9,0,1991,AFTABUDDIN,,Assam,JALESWAR,JD,,12914,M,2,5,FALSE,FALSE,21.44,2491,4.14,,1,5
AEAS192539,11,0,2001,AFTABUDDIN,,Assam,JALESWAR,INC,JD,36444,M,1,5,TRUE,FALSE,53.03,16595,24.15,,1,5
AEAS192539,12,0,2006,AFTAB UDDIN MOLLAH,GEN,Assam,JALESWAR,INC,INC,27451,M,2,5,FALSE,TRUE,30.27,1120,1.23,39,1,5
AEAS192539,13,0,2011,AFTAB UDDIN MOLLAH,GEN,Assam,JALESWAR,INC,INC,35847,M,2,5,FALSE,FALSE,34.55,28516,27.49,45,1,5
AEAS192539,14,0,2016,AFTAB UDDIN MOLLAH,GEN,Assam,JALESWAR,IND,INC,49341,M,2,5,FALSE,FALSE,38.45,37806,29.46,49,1,5
AEAS192836,9,0,1991,GHANSHYAM KALITA,,Assam,RANGIYA,IND,,665,M,11,3,FALSE,FALSE,0.88,158,0.21,,1,3
AEAS192836,13,0,2011,GHANASHYAM KALITA,GEN,Assam,RANGIYA,INC,IND,34119,M,1,3,FALSE,FALSE,29.11,10074,8.6,57,1,3
AEAS192836,14,0,2016,GHANASHYAM KALITA,GEN,Assam,RANGIYA,INC,INC,26286,M,2,3,FALSE,TRUE,18.34,8514,5.94,63,1,3
AEAS192983,9,0,1991,JAMAN SINGH BRAHMA,,Assam,UDALGURI,INC,,28149,M,1,5,FALSE,FALSE,41.45,4058,5.98,,1,5
AEAS192983,10,0,1996,JAMAN SINGH BRAHMA,,Assam,UDALGURI,INC,INC,33437,M,2,5,FALSE,TRUE,47.61,0,0,,1,5
AEAS192983,11,0,2001,JAMAN SINGH BRAHMA,,Assam,UDALGURI,INC,INC,27847,M,2,5,FALSE,FALSE,35.43,19680,25.04,,1,5
AEAS192983,12,0,2006,JAMAN SINGH BRAHMA,ST,Assam,UDALGURI,INC,INC,685,M,7,5,FALSE,FALSE,2.69,0,0,54,1,5
AEAS192983,14,0,2016,JAMAN SINGH BRAHMA,ST,Assam,UDALGURI,INC,INC,16343,M,4,5,FALSE,FALSE,14.86,12719,11.56,64,1,5
AEAS193059,9,0,1991,NURJAMAL SARKAR,,Assam,BISWANATH,INC,,28818,M,1,6,FALSE,FALSE,46.49,18039,29.1,,3,6
AEAS193059,10,0,1996,NURJAMAL SARKAR,,Assam,BISWANATH,INC,INC,22489,M,2,6,FALSE,TRUE,31.76,11380,16.07,,3,6
AEAS193059,11,0,2001,NURJAMAL SARKAR,,Assam,BISWANATH,INC,INC,39399,M,1,6,FALSE,FALSE,48.55,3448,4.25,,3,6
AEAS193059,12,0,2006,NURJAMAL SARKAR,GEN,Assam,BISWANATH,INC,INC,42568,M,1,6,FALSE,TRUE,41.76,2343,2.3,54,3,6
AEAS193059,13,0,2011,NURJAMAL SARKAR,GEN,Assam,BISWANATH,INC,INC,46605,M,2,6,FALSE,TRUE,44.09,40449,38.26,59,3,6
AEAS193059,14,0,2016,NURJAMAL SARKAR,GEN,Assam,BISWANATH,INC,INC,54105,M,2,6,FALSE,FALSE,44.09,51764,42.18,64,3,6
AEAS193203,8,0,1985,PRAFULLA KUMAR MAHANTA,,Assam,NOWGONG,IND,,36369,M,1,8,FALSE,FALSE,54.89,14370,21.69,,3,7
AEAS193203,8,0,1985,PRAFULLA KUMAR MAHANTA,,Assam,KALIABOR,IND,IND,21173,M,1,8,FALSE,FALSE,46.59,3370,7.42,,3,7
AEAS193203,9,0,1991,PRAFULLA KUMAR MAHANTA,,Assam,NOWGONG,AGP,IND,29778,M,2,8,FALSE,TRUE,43.39,27074,39.45,,3,7
AEAS193203,10,0,1996,PRAFULLA KUMAR MAHANTA,,Assam,NOWGONG,AGP,AGP,53068,M,1,8,FALSE,FALSE,63.15,28809,34.28,,3,7
AEAS193203,11,0,2001,PRAFULLA KUMAR MAHANTA,,Assam,DISPUR,AGP,AGP,25688,M,3,8,FALSE,FALSE,20.23,21887,17.24,,3,7
AEAS193203,12,0,2006,PRAFULLA KUMAR MAHANTA,GEN,Assam,NOWGONG,AGP(P),AGP,17248,M,3,8,TRUE,FALSE,15.69,1309,1.19,53,3,7
AEAS193203,13,0,2011,PRAFULLA KUMAR MAHANTA,GEN,Assam,SAMAGURI,AGP,AGP(P),41472,M,2,8,TRUE,FALSE,38.62,39797,37.06,59,3,7
AEAS193203,14,0,2016,PRAFULLA KUMAR MAHANTA,GEN,Assam,BARHAMPUR,AGP,AGP,65768,M,1,8,FALSE,FALSE,48.43,5169,3.81,64,3,7
AEAS193277,9,0,1991,ARDHENDU KUMAR DEY,,Assam,HOJAI,INC,,32481,M,1,6,FALSE,FALSE,41.71,14850,19.07,,4,6
AEAS193277,10,0,1996,ARDHENDU KUMAR DEY,,Assam,HOJAI,INC,INC,37286,M,1,6,FALSE,TRUE,40.31,5049,5.46,,4,6
AEAS193277,11,0,2001,ARDHENDU DEY,,Assam,HOJAI,INC,INC,51048,M,1,6,FALSE,TRUE,47.54,6161,5.74,,4,6
AEAS193277,12,0,2006,ARDHENDU KR. DEY,GEN,Assam,HOJAI,INC,INC,39011,M,2,6,FALSE,TRUE,27.11,9012,6.26,66,4,6
AEAS193277,13,0,2011,DR. ARDHENDU KUMAR DEY,GEN,Assam,HOJAI,INC,INC,70649,M,1,6,FALSE,FALSE,44.4,19894,12.5,71,4,6
AEAS193277,14,0,2016,ARDHENDU KUMAR DEY,GEN,Assam,HOJAI,INC,INC,35207,M,3,6,FALSE,TRUE,18.13,33775,17.4,76,4,6
AEAS193363,9,0,1991,BHABENDRA NATH BHARALI,,Assam,DERGAON,NAGP,,7186,M,3,2,FALSE,FALSE,12.06,4859,8.16,,1,2
AEAS193363,14,0,2016,BHABENDRA NATH BHARALI,SC,Assam,DERGAON,AGP,NAGP,63079,M,1,2,TRUE,FALSE,52.3,16272,13.49,58,1,2
AEAS193432,9,0,1991,RENU POMA RAJKHOWA,,Assam,TEOK,AGP,,15773,F,1,5,FALSE,FALSE,32,1550,3.14,,3,5
AEAS193432,10,0,1996,RENUPOMA RAJKHOWA,,Assam,TEOK,AGP,AGP,32304,F,1,5,FALSE,TRUE,52.44,5540,8.99,,3,5
AEAS193432,11,0,2001,RENUPAMA RAJKHOWA,,Assam,TEOK,AGP,AGP,18628,F,2,5,FALSE,TRUE,27.02,4578,6.64,,3,5
AEAS193432,12,0,2006,RENUPAMA RAJKHOWA,GEN,Assam,TEOK,AGP,AGP,34787,F,2,5,FALSE,FALSE,41.51,29624,35.35,51,3,5
AEAS193432,14,0,2016,RENUPOMA RAJKHOWA,GEN,Assam,TEOK,AGP,AGP,40928,F,1,5,FALSE,FALSE,42.88,5049,5.29,61,3,5
AEAS193483,9,0,1991,HIRANYA KONWAR,,Assam,MAHMARA,NAGP,,6846,M,2,6,FALSE,FALSE,13.11,3174,6.08,,1,6
AEAS193483,10,0,1996,HIRANYA KUMAR KONWAR,,Assam,MAHMARA,AGP,NAGP,24238,M,1,6,TRUE,FALSE,39.34,5968,9.69,,1,6
AEAS193483,11,0,2001,HIRANYA KUMAR KONWER,,Assam,MAHMARA,AGP,AGP,21851,M,2,6,FALSE,TRUE,31.54,19904,28.73,,1,6
AEAS193483,12,0,2006,HIRANYA KUMAR KONWAR,GEN,Assam,MAHMARA,AGP,AGP,36343,M,2,6,FALSE,FALSE,40.67,30232,33.83,44,1,6
AEAS193483,13,0,2011,HIRANYA KONWAR,GEN,Assam,MAHMARA,AGP,AGP,24873,M,2,6,FALSE,FALSE,29.22,10291,12.09,49,1,6
AEAS193483,14,0,2016,HIRANYA KUMAR KONWAR,GEN,Assam,MAHMARA,AGP,AGP,9316,M,3,6,FALSE,FALSE,9.02,7122,6.9,55,1,6
AEAS193497,9,0,1991,SARAT BORKATAKY,,Assam,SONARI,INC,,38877,M,1,6,FALSE,FALSE,57.96,23491,35.02,,5,6
AEAS193497,10,0,1996,SARAT BORKATAKY,,Assam,SONARI,INC,INC,52052,M,1,6,FALSE,TRUE,61.8,31464,37.36,,5,6
AEAS193497,11,0,2001,SARAT BARKATAKY,,Assam,SONARI,INC,INC,59554,M,1,6,FALSE,TRUE,67.25,34941,39.45,,5,6
AEAS193497,12,0,2006,SARAT BORKATAKY,GEN,Assam,SONARI,INC,INC,56206,M,1,6,FALSE,TRUE,49.78,34990,30.99,67,5,6
AEAS193497,13,0,2011,SARAT BORKOTOKY,GEN,Assam,SONARI,INC,INC,56655,M,1,6,FALSE,TRUE,53.38,28904,27.24,72,5,6
AEAS193497,14,0,2016,SARAT BARKATAKY,GEN,Assam,SONARI,INC,INC,49210,M,2,6,FALSE,TRUE,37.47,46066,35.07,77,5,6
AEAS193806,10,0,1996,ABUL KALAM AZAD,,Assam,PATHARKANDI,IND,,114,M,15,4,FALSE,FALSE,0.13,2,0,,2,4
AEAS193806,12,0,2006,ABUL KALAM AZAD,GEN,Assam,BHABANIPUR,IND,IND,13545,M,3,4,FALSE,FALSE,15.13,329,0.37,39,2,4
AEAS193806,13,0,2011,ABUL KALAM AZAD,GEN,Assam,BHABANIPUR,AIUDF,IND,24756,M,1,4,FALSE,FALSE,26.85,5042,5.47,46,2,4
AEAS193806,14,0,2016,ABUL KALAM AZAD,GEN,Assam,BHABANIPUR,AIUDF,AIUDF,28383,M,1,4,FALSE,TRUE,25.74,2439,2.21,51,2,4
AEAS193843,8,0,1985,GAUTAM ROY (TULSI),,Assam,KATLICHERRA,INC,,40940,M,1,7,FALSE,FALSE,59.3,15982,23.15,,6,7
AEAS193843,9,0,1991,GAUTAM ROY,,Assam,KATLICHERRA,INC,INC,41297,M,1,7,FALSE,TRUE,50.15,8515,10.34,,6,7
AEAS193843,10,0,1996,GAUTAM ROY,,Assam,KATLICHERRA,INC,INC,59899,M,1,7,FALSE,TRUE,66.24,34470,38.12,,6,7
AEAS193843,11,0,2001,GAUTAM ROY,,Assam,KATLICHERRA,INC,INC,48069,M,1,7,FALSE,TRUE,55.22,34691,39.85,,6,7
AEAS193843,12,0,2006,GAUTAM ROY,GEN,Assam,KATLICHERRA,INC,INC,44834,M,1,7,FALSE,TRUE,47.63,12275,13.04,53,6,7
AEAS193843,13,0,2011,GAUTAM ROY,GEN,Assam,KATLICHERRA,INC,INC,65435,M,1,7,FALSE,TRUE,60.08,31967,29.35,57,6,7
AEAS193843,14,0,2016,GAUTAM ROY,GEN,Assam,KATLICHERRA,INC,INC,35592,M,2,7,FALSE,TRUE,28.51,3428,2.75,68,6,7
AEAS193924,8,0,1985,KHORSING ENGTI,,Assam,HOWRAGHAT,IND,,13275,M,1,6,FALSE,FALSE,36.92,4076,11.34,,3,6
AEAS193924,9,0,1991,KHORSING ENGTI,,Assam,HOWRAGHAT,IND,IND,11123,M,2,6,FALSE,TRUE,20.25,3228,5.88,,3,6
AEAS193924,11,0,2001,KHORSING ENGTI,,Assam,HOWRAGHAT,INC,IND,20305,M,3,6,FALSE,FALSE,29.34,19283,27.86,,3,6
AEAS193924,12,0,2006,KHOR SING ENGTI,ST,Assam,HOWRAGHAT,INC,INC,27302,M,1,6,FALSE,FALSE,33.66,12238,15.09,57,3,6
AEAS193924,13,0,2011,KHORSING ENGTI,ST,Assam,HOWRAGHAT,INC,INC,43014,M,1,6,FALSE,TRUE,50.57,9735,11.45,62,3,6
AEAS193924,14,0,2016,KHORSING ENGTI,ST,Assam,HOWRAGHAT,INC,INC,36987,M,2,6,FALSE,TRUE,37.68,21088,21.48,65,3,6
AEAS193929,8,0,1985,BIDYASING ENGLENG,,Assam,DIPHU,INC,,9273,M,2,5,FALSE,FALSE,23.52,296,0.75,,3,5
AEAS193929,11,0,2001,BIDYASING ENGLENG,,Assam,DIPHU,INC,INC,32244,M,1,5,FALSE,FALSE,33.38,7101,7.35,,3,5
AEAS193929,12,0,2006,BIDYA SING ENGLENG,ST,Assam,DIPHU,INC,INC,30827,M,1,5,FALSE,TRUE,26.26,5785,4.93,54,3,5
AEAS193929,13,0,2011,BIDYA SING ENGLENG,ST,Assam,DIPHU,INC,INC,54022,M,1,5,FALSE,TRUE,45.98,12471,10.62,56,3,5
AEAS193929,14,0,2016,BIDYA SING ENGLENG,ST,Assam,DIPHU,INC,INC,36185,M,2,5,FALSE,TRUE,26.17,4538,3.28,61,3,5
AEAS194029,8,0,1985,BHUPEN ROY,,Assam,ABHAYAPURI NORTH,IND,,16689,M,2,6,FALSE,FALSE,31.03,7300,13.57,,3,6
AEAS194029,9,0,1991,BHUPEN ROY,,Assam,ABHAYAPURI NORTH,AGP,IND,15493,M,1,6,FALSE,FALSE,25.57,2449,4.04,,3,6
AEAS194029,11,0,2001,BHUPEN RAY,,Assam,ABHAYAPURI NORTH,AGP,AGP,34241,M,1,6,FALSE,FALSE,43.3,1467,1.86,,3,6
AEAS194029,12,0,2006,BHUPEN RAY,GEN,Assam,ABHAYAPURI NORTH,AGP,AGP,37530,M,2,6,FALSE,TRUE,39.42,35655,37.45,46,3,6
AEAS194029,13,0,2011,BHUPEN ROY,GEN,Assam,ABHAYAPURI NORTH,AGP,AGP,38111,M,1,6,FALSE,FALSE,36.32,1537,1.46,52,3,6
AEAS194029,14,0,2016,BHUPEN ROY,GEN,Assam,ABHAYAPURI NORTH,AGP,AGP,46211,M,2,6,FALSE,TRUE,33.81,13512,9.89,57,3,6
AEAS194037,8,0,1985,RABIN BANIKYA,,Assam,ABHAYAPURI SOUTH,IND,,25235,M,2,6,FALSE,FALSE,40.44,19118,30.64,,2,6
AEAS194037,9,0,1991,RABIN BANIKYA,,Assam,ABHAYAPURI SOUTH,AGP,IND,21618,M,2,6,FALSE,FALSE,31.57,12661,18.49,,2,6
AEAS194037,10,0,1996,RABIN BANIKYA,,Assam,ABHAYAPURI SOUTH,AGP,AGP,43549,M,1,6,FALSE,FALSE,57.04,26572,34.8,,2,6
AEAS194037,11,0,2001,RABIN BANIKYA,,Assam,ABHAYAPURI SOUTH,AGP,AGP,41685,M,2,6,FALSE,TRUE,46.01,39573,43.68,,2,6
AEAS194037,12,0,2006,RABIN BANIKYA,SC,Assam,ABHAYAPURI SOUTH,AGP,AGP,37496,M,1,6,FALSE,FALSE,35.59,4034,3.83,59,2,6
AEAS194037,14,0,2016,RABIN BANIKYA,SC,Assam,ABHAYAPURI SOUTH,AGP,AGP,50957,M,3,6,FALSE,FALSE,32.14,49355,31.13,69,2,6
AEAS194140,8,0,1985,KAMLA KALITA,,Assam,CHAYGAON,IND,,32751,F,1,7,FALSE,FALSE,53.46,9698,15.83,,4,7
AEAS194140,9,0,1991,KAMALA KALITA,,Assam,CHAYGAON,AGP,IND,19345,M,1,7,FALSE,TRUE,28.87,6393,9.54,,4,7
AEAS194140,10,0,1996,KAMALA KANTA KALITA,,Assam,CHAYGAON,AGP,AGP,39103,M,1,7,FALSE,TRUE,50.06,4106,5.26,,4,7
AEAS194140,11,0,2001,DR. KAMALA KANTA KALITA,,Assam,CHAYGAON,AGP,AGP,37482,M,2,7,FALSE,TRUE,42.52,0,0,,4,7
AEAS194140,12,0,2006,DR. KAMALA KANTA KALITA,GEN,Assam,CHAYGAON,AGP,AGP,62113,M,1,7,FALSE,FALSE,54.55,18295,16.07,47,4,7
AEAS194140,13,0,2011,DR. KAMALA KALITA,GEN,Assam,CHAYGAON,AGP,AGP,48714,M,2,7,FALSE,TRUE,41.21,45596,38.57,52,4,7
AEAS194140,14,0,2016,DR. KAMALA KANTA KALITA,GEN,Assam,CHAYGAON,AGP,AGP,64390,M,2,7,FALSE,FALSE,44.28,59406,40.85,58,4,7
AEAS195125,6,0,1978,SAMSUL HAQUE,,Assam,JALESWAR,INC(I),,4532,M,3,9,FALSE,FALSE,11.76,679,1.76,,2,7
AEAS195125,7,0,1983,SAMSUL HAQUE,,Assam,JALESWAR,INC,INC(I),17370,M,2,9,TRUE,FALSE,45.81,14947,39.42,,2,7
AEAS195125,7,0,1983,SAMSUL HAQUE,,Assam,SORBHOG,IND,INC,11536,M,2,9,FALSE,FALSE,32.24,5756,16.09,,2,7
AEAS195125,9,0,1991,SAMSUL HOQUE,,Assam,JALESWAR,IND,IND,987,M,7,9,FALSE,FALSE,1.64,105,0.17,,2,7
AEAS195125,9,0,1991,SAMSUL HOQUE,,Assam,SORBHOG,INC,IND,31436,M,1,9,FALSE,FALSE,37.21,3445,4.08,,2,7
AEAS195125,10,0,1996,SAMSUL HOQUE,,Assam,SORBHOG,AIIC(T),INC,4527,M,5,9,TRUE,TRUE,6.31,1478,2.06,,2,7
AEAS195125,11,0,2001,SAMSUL HOQUE,,Assam,SORBHOG,IND,AIIC(T),31890,M,1,9,FALSE,FALSE,32.9,4071,4.2,,2,7
AEAS195125,12,0,2006,SAMSUL HOQUE,GEN,Assam,SORBHOG,INC,IND,26700,M,2,9,FALSE,TRUE,22.23,7462,6.21,46,2,7
AEAS195125,14,0,2016,SAMSUL HOQUE,GEN,Assam,SORBHOG,AIUDF,INC,17504,M,5,9,TRUE,FALSE,10.34,13749,8.12,65,2,7
AEAS196016,6,0,1978,BALORAM,,Assam,KALIABOR,IND,,3101,M,3,6,FALSE,FALSE,8.72,122,0.34,,2,6
AEAS196016,7,0,1983,BALORAM NAG,,Assam,KALIABOR,INC,IND,7558,M,1,6,FALSE,FALSE,81.88,6792,73.58,,2,6
AEAS196016,8,0,1985,BOLORAM NAG,,Assam,KALIABOR,INC,INC,17803,M,2,6,FALSE,TRUE,39.18,16247,35.75,,2,6
AEAS196016,9,0,1991,BOLORAM NAG,,Assam,KALIABOR,INC,INC,25868,M,1,6,FALSE,FALSE,48.71,7384,13.91,,2,6
AEAS196016,10,0,1996,BOLORAM NAG,,Assam,KALIABOR,IND,INC,2529,M,5,6,FALSE,TRUE,4.05,0,0,,2,6
AEAS196016,14,0,2016,BOLORAM NAG,GEN,Assam,KALIABOR,AIUDF,IND,3682,M,3,6,FALSE,FALSE,3.53,1357,1.3,71,2,6
AEAS196298,6,0,1978,RAJENDRA NATH PHUKAN,,Assam,TINSUKIA,INC(I),,7900,M,2,7,FALSE,FALSE,21.42,2845,7.71,,4,7
AEAS196298,7,0,1983,RAJENDRA NATH PHUKAN,,Assam,TINSUKIA,INC,INC(I),10175,M,1,7,TRUE,FALSE,63.17,5258,32.64,,4,7
AEAS196298,8,0,1985,RAJENDRA NATH PHUKAN,,Assam,SADIYA,INC,INC,12790,M,2,7,FALSE,TRUE,26.12,8556,17.47,,4,7
AEAS196298,11,0,2001,RAJENDRA PRASAD SINGH,,Assam,TINSUKIA,INC,INC,35496,M,1,7,FALSE,FALSE,51.49,12084,17.53,,4,7
AEAS196298,12,0,2006,RAJENDRA PRASAD SINGH,GEN,Assam,TINSUKIA,INC,INC,33802,M,1,7,FALSE,TRUE,35.02,2755,2.85,43,4,7
AEAS196298,13,0,2011,RAJENDRA PRASAD SINGH,GEN,Assam,TINSUKIA,INC,INC,41238,M,1,7,FALSE,TRUE,44.15,11973,12.82,48,4,7
AEAS196298,14,0,2016,RAJENDRA PRASAD SINGH,GEN,Assam,TINSUKIA,INC,INC,35868,M,2,7,FALSE,TRUE,30.96,31812,27.46,53,4,7
AEAS20813,14,0,2016,TARUN GOGOI,GEN,Assam,TITABAR,INC,,62025,M,1,1,FALSE,FALSE,54.65,17495,15.41,79,1,1
AEAS300014,13,0,2011,SIB CHARAN BASUMATARY,ST,Assam,DUDHNAI,INC,,46890,M,1,2,FALSE,FALSE,37.33,6017,4.79,40,1,2
AEAS300014,14,0,2016,SIBCHARAN BASUMATARY,ST,Assam,DUDHNAI,INC,INC,51316,M,2,2,FALSE,TRUE,32.06,40011,25,41,1,2
AEAS300050,12,0,2006,MAJENDRA NARZARY,ST,Assam,GOSSAIGAON,IND,,24921,M,1,3,FALSE,FALSE,20.64,4217,3.49,48,3,3
AEAS300050,13,0,2011,MAJENDRA NARZARY,ST,Assam,GOSSALGAON,BOPF,IND,47543,M,1,3,FALSE,TRUE,36.2,20945,15.95,53,3,3
AEAS300050,14,0,2016,MAJENDRA NARZARY,ST,Assam,GOSSALGAON,BOPF,BOPF,45517,M,1,3,FALSE,TRUE,31.93,6041,4.24,59,3,3
AEAS42894,14,0,2016,PABAN SINGH GHATOWAR,GEN,Assam,MORAN,INC,,38340,M,2,1,FALSE,FALSE,38.03,36018,35.73,67,,1
AEAS5196222,12,0,2006,BITHIKA DEV,GEN,Assam,SILCHAR,INC,,55181,F,1,2,FALSE,FALSE,45.97,4392,3.66,70,1,2
AEAS5196222,14,0,2016,BITHIKA DEV,GEN,Assam,SILCHAR,INC,INC,54867,F,2,2,FALSE,FALSE,35.04,52906,33.79,80,1,2
AEAS5196376,9,0,1991,PRANAB KUMAR GOGOI,,Assam,SIBSAGAR,INC,,17260,M,2,6,FALSE,FALSE,31.01,11370,20.43,,4,6
AEAS5196376,10,0,1996,PRANAB GOGOI,,Assam,SIBSAGAR,INC,INC,30055,M,2,6,FALSE,FALSE,44.1,27857,40.88,,4,6
AEAS5196376,11,0,2001,PRANAB GOGOI,,Assam,SIBSAGAR,INC,INC,30919,M,1,6,FALSE,FALSE,41.18,12962,17.26,,4,6
AEAS5196376,12,0,2006,PRANAB GOGOI,GEN,Assam,SIBSAGAR,INC,INC,33322,M,1,6,FALSE,TRUE,35.75,2917,3.13,69,4,6
AEAS5196376,13,0,2011,PRANAB GOGOI,GEN,Assam,SIBSAGAR,INC,INC,48941,M,1,6,FALSE,TRUE,51.41,17250,18.12,75,4,6
AEAS5196376,14,0,2016,PRANAB KUMAR GOGOI,GEN,Assam,SIBSAGAR,INC,INC,48584,M,1,6,FALSE,TRUE,42.87,542,0.48,80,4,6
AEAS5196382,11,0,2001,ALOK KUMAR GHOSE,,Assam,MARIANI,NCP,,16198,M,3,5,FALSE,FALSE,26.16,15100,24.38,,1,4
AEAS5196382,11,1,2004,Alok Kumar Ghose,,Assam,Mariani,AITC,NCP,18424,M,1,5,TRUE,FALSE,29.53,2670,4.28,,1,4
AEAS5196382,12,0,2006,ALAK KUMAR GHOSE,GEN,Assam,MARIANI,NCP,AITC,30454,M,2,5,TRUE,TRUE,39.5,25323,32.85,45,1,4
AEAS5196382,13,0,2011,ALAK KUMAR GHOSE,GEN,Assam,MORIANI,AITC,NCP,28696,M,2,5,TRUE,FALSE,37.67,24735,32.47,52,1,4
AEAS5196382,14,0,2016,ALOK KUMAR GHOSH,GEN,Assam,MORIANI,NCP,AITC,34908,M,2,5,TRUE,FALSE,38.55,20306,22.43,58,1,4
AEAS5196393,11,0,2001,SIDDEQUE AHMED,,Assam,KARIMGANJ SOUTH,SAP,,31639,M,1,4,FALSE,FALSE,38.28,3359,4.06,,3,4
AEAS5196393,12,0,2006,SIDDEQUE AHMED,GEN,Assam,KARIMGANJ SOUTH,IND,SAP,29007,M,1,4,FALSE,TRUE,31.19,7635,8.21,41,3,4
AEAS5196393,13,0,2011,SIDDEQUE AHMED,GEN,Assam,KARIMGANJ SOUTH,INC,IND,45395,M,1,4,FALSE,TRUE,43.42,23113,22.11,44,3,4
AEAS5196393,14,0,2016,SIDDEQUE AHMED,GEN,Assam,KARIMGANJ SOUTH,INC,INC,53644,M,2,4,FALSE,TRUE,41.77,41783,32.53,53,3,4
AEAS6865,14,0,2016,JOY RAM ENGLENG,ST,Assam,HOWRAGHAT,BJP,,43378,M,1,1,FALSE,FALSE,44.19,6391,6.51,56,1,1
AEAS74853,13,0,2011,KAMAKHYA TASA,GEN,Assam,MARGHERITA,BJP,,41006,M,2,2,FALSE,FALSE,37.11,33940,30.72,35,,2
AEAS74853,14,0,2016,KAMAKHYA PRASAD TASA,GEN,Assam,TITABAR,BJP,BJP,44530,M,2,2,FALSE,FALSE,39.23,42117,37.11,40,,2
GEAS51918,12,0,2006,KESHAB MAHANTA,GEN,Assam,KALIABOR,AGP,,37031,M,1,3,FALSE,FALSE,42.16,11832,13.47,46,3,3
GEAS51918,13,0,2011,KESHAB MAHANTA,GEN,Assam,KALIABOR,AGP,AGP,44886,M,1,3,FALSE,TRUE,49.56,9029,9.97,51,3,3
GEAS51918,14,0,2016,KESHAB MAHANTA,GEN,Assam,KALIABOR,AGP,AGP,64759,M,1,3,FALSE,TRUE,62.03,37990,36.39,56,3,3
GEAS5195750,14,0,2016,BIJOY KUMAR TIRU,GEN,Assam,RANGAPARA,AIUDF,,13281,M,3,1,FALSE,FALSE,11.3,5248,4.47,60,,1
GEAS74852,14,0,2016,SARBANANDA SONOWAL,ST,Assam,MAJULI,BJP,,49602,M,1,1,FALSE,FALSE,50.74,18923,19.36,54,1,1
