pid,Assembly_No,Poll_No,Year,Candidate,State_Name,Constituency_Name,Party,Last_Party,Votes,Sex,Position,Contested,No_Terms,Turncoat,Incumbent,Vote_Share_Percentage,Margin,Margin_Percentage,Age,Terms_Contested
AEWB000001,3,0,1962,SATISH CHANDRA ROY,West_Bengal,ALIPUR DUARS,PSP,,674,M,4,1,0,FALSE,FALSE,2.03,0,0,,1
AEWB107449,3,0,1962,SUBODH BHOWAL,West_Bengal,PURBASTHALI,CPI,,19309,M,2,1,0,FALSE,FALSE,45.29,17908,42,,1
AEWB110360,3,0,1962,SUNDAR NASKAR,West_Bengal,BISHNUPUR EAST,CPI,,10977,M,2,1,0,FALSE,FALSE,23.4,8073,17.21,,1
AEWB111734,3,0,1962,NIMAI CHAND MURMU,West_Bengal,HABIBPUR S N,CPI,,22367,M,1,1,1,FALSE,FALSE,59.43,8299,22.05,,1
AEWB113059,3,0,1962,SASANKA SEKHAR MONDAL,West_Bengal,RAMPURHAT,FB,,10119,M,2,1,0,FALSE,FALSE,35.79,6762,23.92,,1
AEWB113277,3,0,1962,LUTFAL HOQUE,West_Bengal,SUTI,INC,,28878,M,1,1,1,FALSE,FALSE,56.08,6266,12.17,,1
AEWB113797,3,0,1962,SASABINDU BERA,West_Bengal,SYAMPUR,FB,,26619,M,2,1,0,FALSE,FALSE,43.88,26078,42.99,,1
AEWB113951,3,0,1962,RASH BIHARI PAL,West_Bengal,CONTAI SOUTH,INC,,21629,M,2,1,0,FALSE,FALSE,48.94,0,0,,1
AEWB113959,3,0,1962,BALAILAL DAS MAHAPATRA,West_Bengal,RAMNAGAR,PSP,,19574,M,1,1,1,FALSE,FALSE,51.2,918,2.4,,1
AEWB113973,3,0,1962,RADHA NATH DASADHIKARI,West_Bengal,PATASPUR,INC,,26247,M,1,1,1,FALSE,FALSE,52.41,12428,24.82,,1
AEWB114298,3,0,1962,SIDDHESWAR MANDAL,West_Bengal,RAJNAGAR,FB,,9129,M,1,1,1,FALSE,FALSE,47.33,2109,10.93,,1
AEWB114346,3,0,1962,DINESH CHANDRA DAKUA,West_Bengal,MATHABHANGA,CPI,,15482,M,2,1,0,FALSE,FALSE,45.2,0,0,,1
AEWB114364,3,0,1962,KAMAL KANTI GUHA,West_Bengal,DINHATA,FB,,26807,M,1,1,1,FALSE,FALSE,60.77,10422,23.63,,1
AEWB114451,3,0,1962,DEO PRAKASH RAI,West_Bengal,DARJEELING,GL,,9139,M,1,1,1,FALSE,FALSE,49.17,4520,24.32,,1
AEWB114547,3,0,1962,HAKAI MARDI,West_Bengal,TAPAN,INC,,11608,M,2,1,0,FALSE,FALSE,41.12,9823,34.79,,1
AEWB114561,3,0,1962,BOILA MURMU,West_Bengal,HABIBPUR S N,INC,,14068,M,2,1,0,FALSE,FALSE,37.38,12865,34.18,,1
AEWB114748,3,0,1962,NALINAKSHA SANYAL,West_Bengal,KARIMPUR,IND,,15790,M,2,1,0,FALSE,FALSE,40.72,12536,32.33,,1
AEWB114902,3,0,1962,ANANTA KUMAR BAIDYA,West_Bengal,SANDESHKHALI,INC,,17564,M,1,1,1,FALSE,FALSE,41.5,3853,9.1,,1
AEWB115071,3,0,1962,BYOMKESH BANERJEE,West_Bengal,BIJPUR,PSP,,2967,M,3,1,0,FALSE,FALSE,6.88,2210,5.12,,1
AEWB115077,3,0,1962,SITA RAM GUPTA,West_Bengal,BHATPARA,CPI,,17279,M,2,1,0,FALSE,FALSE,41.71,16771,40.48,,1
AEWB115250,3,0,1962,NIKIL DAS,West_Bengal,BURTOLA NORTH,RSP,,20309,M,1,1,1,FALSE,FALSE,55.36,4924,13.42,,1
AEWB115439,3,0,1962,BANKIM CHANDRA SASMAL,West_Bengal,DASPUR,INC,,17631,M,2,1,0,FALSE,FALSE,39.33,14983,33.42,,1
AEWB115539,3,0,1962,KISHORIMOHAN MANDAL,West_Bengal,DEBRA,SBP,,6264,M,4,1,0,FALSE,FALSE,13.73,4798,10.52,,1
AEWB115561,3,0,1962,BANKIMBEHARI PAL,West_Bengal,MIDNAPORE,PSP,,4874,M,3,1,0,FALSE,FALSE,14.64,2585,7.76,,1
AEWB115624,3,0,1962,DHANANJOY KAR,West_Bengal,GOPIBALLAVPUR,PSP,,11184,M,2,1,0,FALSE,FALSE,37.45,9450,31.65,,1
AEWB115636,3,0,1962,JOYRAM SAREN,West_Bengal,BINPUR,CPI,,4951,M,2,1,0,FALSE,FALSE,22.65,1327,6.07,,1
AEWB115786,3,0,1962,SIBDAS GHATAK,West_Bengal,ASANSOL,INC,,8326,M,2,1,0,FALSE,FALSE,27.69,4359,14.49,,1
AEWB115855,3,0,1962,DASARATHI TAH,West_Bengal,RAINA,PSP,,12584,M,2,1,0,FALSE,FALSE,30.54,11160,27.09,,1
AEWB115864,3,0,1962,DEHENDRA BEJOY GHOSH,West_Bengal,KALNA,INC,,20222,M,2,1,0,FALSE,FALSE,45.1,19532,43.56,,1
AEWB115996,3,0,1962,JAGADANANDA ROY,West_Bengal,FALAKATA,PSP,,14997,M,2,1,0,FALSE,FALSE,37.06,8246,20.38,,1
AEWB116048,3,0,1962,RAMENDRA NATH DUTTA,West_Bengal,RAIGANJ,INC,,12833,M,1,1,1,FALSE,FALSE,39.34,4778,14.65,,1
AEWB116049,3,0,1962,MANASH ROY,West_Bengal,RAIGANJ,CPI,,8055,M,2,1,0,FALSE,FALSE,24.69,1502,4.6,,1
AEWB116072,3,0,1962,NATHANIEL MURMU,West_Bengal,TAPAN,RSP,,14840,M,1,1,1,FALSE,FALSE,52.56,3232,11.45,,1
AEWB116112,3,0,1962,MUKTIPADA CHATTERJEE,West_Bengal,JANGIPUR,INC,,10169,M,1,1,1,FALSE,FALSE,37.81,1316,4.89,,1
AEWB116486,3,0,1962,AJIT KUMAR BASU,West_Bengal,SINGUR,CPI,,28822,M,2,1,0,FALSE,FALSE,49.97,0,0,,1
AEWB116510,3,0,1962,MADAN MOHAN SAHA,West_Bengal,KHANAKUL,CPI,,15299,M,2,1,0,FALSE,FALSE,35.86,13939,32.68,,1
AEWB116721,3,0,1962,NALINAKSHYA ROY,West_Bengal,BARABANI,PSP,,4621,M,3,1,0,FALSE,FALSE,20.7,0,0,,1
AEWB116729,3,0,1962,AMARENDRA MONDAL,West_Bengal,JAMURIA,INC,,11403,M,1,1,1,FALSE,FALSE,57.63,4796,24.24,,1
AEWB117017,3,0,1962,GOLAM YAZDANI,West_Bengal,KHARBA,IND,,23664,M,1,1,1,FALSE,FALSE,56.87,8131,19.54,,1
AEWB117131,3,0,1962,SANAT KUMAR RAHA,West_Bengal,BERHAMPORE,CPI,,20759,M,1,1,1,FALSE,FALSE,53.24,5542,14.21,,1
AEWB117242,3,0,1962,AJIT KUMAR GANGULY,West_Bengal,BONGAON,CPI,,18340,M,2,1,0,FALSE,FALSE,31.4,14247,24.39,,1
AEWB117369,3,0,1962,S. M. ABDULLAH,West_Bengal,GARDEN REACH,INC,,29486,M,1,1,1,FALSE,FALSE,58.15,8266,16.3,,1
AEWB117374,3,0,1962,SUDHIR CHANDRA BHANDARI,West_Bengal,MAHESHTOLA,CPI,,15420,M,2,1,0,FALSE,FALSE,35.75,13756,31.89,,1
AEWB117464,3,0,1962,GOPAL BANERJEE,West_Bengal,KHARDAH,CPI,,37132,M,1,1,1,FALSE,FALSE,58.29,17472,27.43,,1
AEWB117474,3,0,1962,TARUN KUMAR SEN GUPTA,West_Bengal,DUM DUM,CPI,,48808,M,1,1,1,FALSE,FALSE,58.74,17451,21,,1
AEWB117584,3,0,1962,ANADI DASS,West_Bengal,HOWRAH WEST,IND,,19770,M,1,1,1,FALSE,FALSE,44.59,2597,5.86,,1
AEWB117717,3,0,1962,RABINDRA NATH ROY,West_Bengal,ARAMBAGH EAST,FB,,15020,M,2,1,0,FALSE,FALSE,30.09,14728,29.5,,1
AEWB117731,3,0,1962,MRIGENDRA BHATTACHARIYYA,West_Bengal,DASPUR,CPI,,23493,M,1,1,1,FALSE,FALSE,52.41,5862,13.08,,1
AEWB117756,3,0,1962,JAGADINDRA NATH MAITI,West_Bengal,MAHISHADAL,IND,,21090,M,2,1,0,FALSE,FALSE,46.86,0,0,,1
AEWB117895,3,0,1962,DEBNATH HANSDA,West_Bengal,NAYAGRAM,INC,,7817,M,1,1,1,FALSE,FALSE,49.86,3633,23.17,,1
AEWB117921,3,0,1962,KANDRU MAJHI,West_Bengal,BANDUAN,LSS,,13043,M,1,1,1,FALSE,FALSE,56.6,3040,13.19,,1
AEWB117976,3,0,1962,BUDHAN MAJHI,West_Bengal,KASHIPURA,INC,,6254,M,1,1,1,FALSE,FALSE,52.83,3072,25.95,,1
AEWB118069,3,0,1962,HARIDAS CHAKRAVARTY,West_Bengal,BARABANI,CPI,,9483,M,1,1,1,FALSE,FALSE,42.48,1261,5.65,,1
AEWB118179,3,0,1962,NABANIDHAR MANDAL,West_Bengal,RAJNAGAR,INC,,7020,M,2,1,0,FALSE,FALSE,36.4,5162,26.76,,1
AEWB118226,3,0,1962,BEJOY KUMAR ROY,West_Bengal,SITAL KUCHI,FB,,15596,M,1,1,1,FALSE,FALSE,46.46,3844,11.45,,1
AEWB118297,3,0,1962,PREM THAPA,West_Bengal,SILIGURI,GL,,7296,M,3,2,0,FALSE,FALSE,22.43,5121,15.74,,1
AEWB118297,3,1,1963,PREM THAPA,West_Bengal,SILIGURI,IND,GL,6211,M,2,2,0,FALSE,FALSE,22.63,2287,8.33,,1
AEWB118319,3,0,1962,SURESH CHADNRA SINHA,West_Bengal,KARANDIGHI,FB,,1754,M,3,1,0,FALSE,FALSE,7.17,608,2.48,,1
AEWB118327,3,0,1962,NISHITHA NATH KUNDU,West_Bengal,RAIGANJ,PSP,,6553,M,3,1,0,FALSE,FALSE,20.09,2323,7.12,,1
AEWB118368,3,0,1962,MOHAMMAD ELIAS RAZI,West_Bengal,HARISCHANDRAPUR,WPI,,19098,M,2,1,0,FALSE,FALSE,44.94,0,0,,1
AEWB118377,3,0,1962,SANTIGOPAL SEN,West_Bengal,ENGLISHBAZAR,INC,,12055,M,1,1,1,FALSE,FALSE,40.6,2049,6.9,,1
AEWB118383,3,0,1962,ABU BARKAT ATUAL GANI KHAN CHOUDHURY,West_Bengal,KALIACHAK,INC,,14104,M,2,1,0,FALSE,FALSE,34.6,10663,26.16,,1
AEWB118396,3,0,1962,T. A. NURANNABI,West_Bengal,FARAKKA,SWA,,6143,M,2,2,0,FALSE,FALSE,27.8,1896,8.58,,1
AEWB118396,3,1,1964,T.A.NURANNABI,West_Bengal,FARAKKA,IND,SWA,7505,M,2,2,0,FALSE,FALSE,34.93,4283,19.94,,1
AEWB118400,3,0,1962,ABDUL HOQUE,West_Bengal,JANGIPUR,IND,,8853,M,2,1,0,FALSE,FALSE,32.92,4614,17.15,,1
AEWB118506,3,0,1962,KANAI PAL,West_Bengal,SANTIPUR,IND,,26553,M,1,1,1,FALSE,FALSE,53.8,9153,18.55,,1
AEWB118509,3,0,1962,BINOY KUMAR CHATTERJEE,West_Bengal,RANAGHAT,INC,,15045,M,2,1,0,FALSE,FALSE,39.07,11723,30.45,,1
AEWB118625,3,0,1962,A. K. M. ISAHAQUE,West_Bengal,BHANGAR,INC,,30320,M,1,1,1,FALSE,FALSE,57.7,18263,34.75,,1
AEWB118655,3,0,1962,JUGAL CHARAN SANTRA,West_Bengal,BISHNUPUR WEST,INC,,24723,M,1,1,1,FALSE,FALSE,52.66,4272,9.1,,1
AEWB118713,3,0,1962,KRISHNA KUMAR SHUKLA,West_Bengal,TITAGARH,INC,,23815,M,1,1,1,FALSE,FALSE,50.17,1927,4.06,,1
AEWB118732,3,0,1962,HEMANTA KUMAR BASU,West_Bengal,SHAMPUKUR,FB,,25203,M,1,1,1,FALSE,FALSE,67.78,13706,36.86,,1
AEWB118770,3,0,1962,BEJOY KUMAR BANERJEE,West_Bengal,RASHBEHARI AVENUE,IND,,17243,M,1,1,1,FALSE,FALSE,45.1,3372,8.82,,1
AEWB118772,3,0,1962,NIRANJAN SENGUPTA,West_Bengal,TOLLYGUNGE,CPI,,41049,M,1,1,1,FALSE,FALSE,56.32,12518,17.17,,1
AEWB118791,3,0,1962,KARAM HOSSAIN,West_Bengal,TALTOLA,INC,,17395,M,1,1,1,FALSE,FALSE,54.34,2996,9.36,,1
AEWB118800,3,0,1962,SANKU LAL BISWAS,West_Bengal,BELIAGHATA NORTH,INC,,15964,M,2,1,0,FALSE,FALSE,40.51,15508,39.35,,1
AEWB118841,3,0,1962,ABANI KUMAR BASU,West_Bengal,ULUBERIA SOUTH,INC,,21720,M,1,1,1,FALSE,FALSE,54.59,6319,15.88,,1
AEWB118855,3,0,1962,KANAI LALL DEY,West_Bengal,CHANDITALA,INC,,21204,M,1,1,1,FALSE,FALSE,48.14,285,0.65,,1
AEWB118873,3,0,1962,PROBHAKAR PAL,West_Bengal,SINGUR,INC,,28853,M,1,1,1,FALSE,FALSE,50.03,31,0.05,,1
AEWB118900,3,0,1962,GOUR MOHAN GANGULY,West_Bengal,TARAKESWAR,CPI,,18567,M,2,1,0,FALSE,FALSE,42.24,16868,38.37,,1
AEWB118930,3,0,1962,BHUPAL CHANDRA PANDA,West_Bengal,NANDIGRAM SOUTH,CPI,,21895,M,2,1,0,FALSE,FALSE,41.43,0,0,,1
AEWB118947,3,0,1962,HRISHIKEH CHAKRABORTY,West_Bengal,EGRA,INC,,31653,M,1,1,1,FALSE,FALSE,69.53,17781,39.06,,1
AEWB119012,3,0,1962,GIRISH MAHATO,West_Bengal,MANBAZAR,LSS,,10635,M,1,1,1,FALSE,FALSE,46.34,5833,25.41,,1
AEWB119019,3,0,1962,DAMAN KUIRY,West_Bengal,ARSA,FB,,6375,M,1,1,1,FALSE,FALSE,29.97,220,1.03,,1
AEWB119030,3,0,1962,BIBHUTI BHUSHAN DAS GUPTA,West_Bengal,PURULIA,LSS,,9699,M,2,1,0,FALSE,FALSE,32.96,4294,14.59,,1
AEWB119111,3,0,1962,KANAI LAL SAHA,West_Bengal,MAYURESWAR,INC,,10025,M,2,1,0,FALSE,FALSE,39.18,7195,28.12,,1
AEWB119139,3,0,1962,ASWINI ROY,West_Bengal,BHATAR,CPI,,21301,M,1,1,1,FALSE,FALSE,55.36,5894,15.32,,1
AEWB119429,3,0,1962,SHISH MOHAMMAD,West_Bengal,SUTI,RSP,,22612,M,2,1,0,FALSE,FALSE,43.92,0,0,,1
AEWB119527,3,1,1964,N.SARKAR,West_Bengal,HANSKHALI,CPI,,6502,M,3,1,0,FALSE,FALSE,18.22,5582,15.64,,1
AEWB119569,3,0,1962,ABDUL GAFUR,West_Bengal,SWARUPNAGAR,INC,,29067,M,1,1,1,FALSE,FALSE,50.02,22,0.04,,1
AEWB119602,3,1,1964,A.C.HALDER,West_Bengal,CANNING,IND,,24554,M,1,1,1,FALSE,FALSE,69.27,13661,38.54,,1
AEWB119781,3,1,1963,S.K.BANERJEE,West_Bengal,SILIGURI,FB,,3924,M,3,1,0,FALSE,FALSE,14.3,753,2.74,,1
AEWB120037,3,0,1962,GYAN SINGH SOHAN PAL,West_Bengal,KHARAGPUR,INC,,13686,M,2,1,0,FALSE,FALSE,39.21,12209,34.98,,1
AEWB120165,3,0,1962,EUNAS,West_Bengal,KOTULPUR,IND,,4736,M,2,1,0,FALSE,FALSE,15.41,3073,10,,1
AEWB120240,3,0,1962,SYED ABUL MANSUR HABIBULLAH,West_Bengal,MANTESWAR,CPI,,20033,M,1,1,1,FALSE,FALSE,50.6,472,1.19,,1
AEWB120298,3,0,1962,AMARENDRA NATH ROY PROHAN,West_Bengal,MAKLIGANJ,FB,,17592,M,1,1,1,FALSE,FALSE,63.69,7562,27.38,,1
AEWB120299,3,0,1962,SATYENDRA PRASANNA CHATTOPADHYAY,West_Bengal,MAKLIGANJ,INC,,10030,M,2,1,0,FALSE,FALSE,36.31,0,0,,1
AEWB120300,3,0,1962,MAHENDRA NATH DAKUA,West_Bengal,MATHABHANGA,INC,,18770,M,1,1,1,FALSE,FALSE,54.8,3288,9.6,,1
AEWB120303,3,0,1962,HEMLATA DEVI,West_Bengal,SITAL KUCHI,INC,,11752,F,2,1,0,FALSE,FALSE,35.01,5531,16.48,,1
AEWB120306,3,0,1962,UMESH CHANDRA MANDAL,West_Bengal,DINHATA,INC,,16385,M,2,1,0,FALSE,FALSE,37.14,15464,35.06,,1
AEWB120308,3,0,1962,SUNIL BASUNIA,West_Bengal,COOCH BEHAR SOUTH,FB,,16101,M,1,1,1,FALSE,FALSE,58.49,6552,23.8,,1
AEWB120309,3,0,1962,SATISH CH. ROY SINGHA,West_Bengal,COOCH BEHAR SOUTH,INC,,9549,M,2,1,0,FALSE,FALSE,34.69,7673,27.88,,1
AEWB120311,3,0,1962,SUNIL DAS GUPTA,West_Bengal,COOCH BEHAR NORTH,FB,,19296,M,1,1,1,FALSE,FALSE,62.93,7930,25.86,,1
AEWB120312,3,0,1962,MAZIRUDDIN AHMED,West_Bengal,COOCH BEHAR NORTH,INC,,11366,M,2,1,0,FALSE,FALSE,37.07,0,0,,1
AEWB120313,3,0,1962,JIBAN KRISHNA DEY,West_Bengal,TUFANGANJ,CPI,,26222,M,1,1,1,FALSE,FALSE,52.33,5476,10.93,,1
AEWB120314,3,0,1962,JATINDRA NATH SINHA SARKAR,West_Bengal,TUFANGANJ,INC,,20746,M,2,1,0,FALSE,FALSE,41.4,18503,36.92,,1
AEWB120317,3,0,1962,PIJUSH KANTI MUKHERJEE,West_Bengal,ALIPUR DUARS,INC,,16533,M,1,1,1,FALSE,FALSE,49.86,2163,6.52,,1
AEWB120318,3,0,1962,NILKANTHA ROY,West_Bengal,ALIPUR DUARS,IND,,14370,M,2,1,0,FALSE,FALSE,43.34,12790,38.57,,1
AEWB120321,3,0,1962,NANI BHATTACHARJEE,West_Bengal,KALCHINI,RSP,,17415,M,1,1,1,FALSE,FALSE,43.35,1993,4.96,,1
AEWB120322,3,0,1962,ANIMA HOARE,West_Bengal,KALCHINI,INC,,15422,M,2,1,0,FALSE,FALSE,38.39,12480,31.07,,1
AEWB120324,3,0,1962,MAHENDRA CHANDRA MECH,West_Bengal,KALCHINI,PSP,,1991,M,4,1,0,FALSE,FALSE,4.96,584,1.45,,1
AEWB120328,3,0,1962,MAHADEO BHAGAT,West_Bengal,MADARIHAT,INC,,10844,M,2,1,0,FALSE,FALSE,37.86,6173,21.55,,1
AEWB120329,3,0,1962,BUDHRAM MAHALI,West_Bengal,MADARIHAT,PSP,,4671,M,3,1,0,FALSE,FALSE,16.31,3174,11.08,,1
AEWB120332,3,0,1962,HIRALAL SINGHA,West_Bengal,FALAKATA,INC,,16351,M,1,1,1,FALSE,FALSE,40.4,1354,3.35,,1
AEWB120334,3,0,1962,SOMAR GANGULY,West_Bengal,FALAKATA,CPI,,6751,M,3,1,0,FALSE,FALSE,16.68,4379,10.82,,1
AEWB120336,3,0,1962,KAMINI MOHAN ROY,West_Bengal,MAINAGURI,INC,,12806,M,1,1,1,FALSE,FALSE,37.72,4081,12.02,,1
AEWB120337,3,0,1962,PANCHANAN MALIK,West_Bengal,MAINAGURI,PSP,,8725,M,2,1,0,FALSE,FALSE,25.7,2717,8,,1
AEWB120339,3,0,1962,DHARANI MOHAN ROY,West_Bengal,MAINAGURI,CPI,,5579,M,4,1,0,FALSE,FALSE,16.43,4749,13.99,,1
AEWB120341,3,0,1962,BHUPENDRA DEB RAIKUT,West_Bengal,KHARIA,INC,,19101,M,1,1,1,FALSE,FALSE,50.2,6867,18.05,,1
AEWB120342,3,0,1962,BASANTA KUMAR ROY,West_Bengal,KHARIA,CPI,,12234,M,2,1,0,FALSE,FALSE,32.15,8217,21.59,,1
AEWB120346,3,0,1962,KHAGENDRA NATH DAS GUPTA,West_Bengal,JALPAIGURI,INC,,19011,M,1,1,1,FALSE,FALSE,48.82,6653,17.08,,1
AEWB120347,3,0,1962,NARESH CHANDRA CHAKRABORTY,West_Bengal,JALPAIGURI,CPI,,12358,M,2,1,0,FALSE,FALSE,31.73,8003,20.55,,1
AEWB120349,3,0,1962,NIKHIL CHANDRA GHATOK,West_Bengal,JALPAIGURI,PSP,,3218,M,4,1,0,FALSE,FALSE,8.26,0,0,,1
AEWB120350,3,0,1962,BUDHU BHAGAT,West_Bengal,NAGRAKATA,INC,,13526,M,1,1,1,FALSE,FALSE,46.26,5010,17.13,,1
AEWB120351,3,0,1962,JAGARNATH URAON,West_Bengal,NAGRAKATA,CPI,,8516,M,2,1,0,FALSE,FALSE,29.12,3753,12.84,,1
AEWB120352,3,0,1962,SOMA,West_Bengal,NAGRAKATA,PSP,,4763,M,3,1,0,FALSE,FALSE,16.29,2870,9.82,,1
AEWB120355,3,0,1962,BARENDRA KRISHNA BHOWMIK,West_Bengal,MAL,INC,,18528,M,1,1,1,FALSE,FALSE,52.08,9164,25.76,,1
AEWB120356,3,0,1962,DEBAPROSAD GHOSE,West_Bengal,MAL,CPI,,9364,M,2,1,0,FALSE,FALSE,26.32,1681,4.73,,1
AEWB120357,3,0,1962,GHANASHYAM MISRA,West_Bengal,MAL,PSP,,7683,M,3,1,0,FALSE,FALSE,21.6,0,0,,1
AEWB120358,3,0,1962,LAKSHMI RANJAN JOSSE,West_Bengal,KALIMPONG,GL,,12809,M,1,1,1,FALSE,FALSE,52.94,4867,20.11,,1
AEWB120359,3,0,1962,NARBAHADUR GURUNG,West_Bengal,KALIMPONG,INC,,7942,M,2,1,0,FALSE,FALSE,32.82,5857,24.21,,1
AEWB120360,3,0,1962,KRISHNABHAKTA SHARMA,West_Bengal,KALIMPONG,CPI,,2085,M,3,1,0,FALSE,FALSE,8.62,1374,5.68,,1
AEWB120362,3,0,1962,FREDERICH MOQUETON,West_Bengal,KALIMPONG,PSP,,326,M,5,1,0,FALSE,FALSE,1.35,158,0.65,,1
AEWB120368,3,0,1962,D. YONJAN,West_Bengal,DARJEELING,INC,,3413,M,3,1,0,FALSE,FALSE,18.36,2230,12,,1
AEWB120370,3,0,1962,TARAK KUMAR KASHI,West_Bengal,DARJEELING,PSP,,234,M,5,1,0,FALSE,FALSE,1.26,0,0,,1
AEWB120371,3,0,1962,BHADRA BAHADUR HAMAL,West_Bengal,JORE BUNGALOW,CPI,,8961,M,1,1,1,FALSE,FALSE,41.71,129,0.6,,1
AEWB120372,3,0,1962,NANDALAL GURUNG,West_Bengal,JORE BUNGALOW,GL,,8832,M,2,1,0,FALSE,FALSE,41.11,5143,23.94,,1
AEWB120373,3,0,1962,RUSTAM ALI,West_Bengal,JORE BUNGALOW,INC,,3689,M,3,1,0,FALSE,FALSE,17.17,0,0,,1
AEWB120374,3,0,1962,JAGADISH CHANDRA BHATTACHARJEE,West_Bengal,SILIGURI,INC,,12427,M,1,1,1,FALSE,FALSE,38.2,1793,5.51,,1
AEWB120375,3,0,1962,SATYENDRA NARAYAN MAZUMDAR,West_Bengal,SILIGURI,CPI,,10634,M,2,1,0,FALSE,FALSE,32.69,3338,10.26,,1
AEWB120378,3,1,1963,A.K.MOITRA,West_Bengal,SILIGURI,INC,,14143,M,1,1,1,FALSE,FALSE,51.52,7932,28.9,,1
AEWB120381,3,1,1963,C.MAZUMDAR,West_Bengal,SILIGURI,CPI,,3171,M,4,1,0,FALSE,FALSE,11.55,0,0,,1
AEWB120382,3,0,1962,TENZING WANGDI,West_Bengal,PHANSIDEWA,INC,,10389,M,1,1,1,FALSE,FALSE,41.9,1257,5.07,,1
AEWB120383,3,0,1962,JANGAL SANTAL,West_Bengal,PHANSIDEWA,CPI,,9132,M,2,1,0,FALSE,FALSE,36.83,3858,15.56,,1
AEWB120385,3,0,1962,MOHAMMAD AFAQUE CHOUDHURY,West_Bengal,CHOPRA,INC,,11164,M,1,1,1,FALSE,FALSE,46.19,6074,25.13,,1
AEWB120386,3,0,1962,MOHAMMAD GOLAM RABBANI,West_Bengal,CHOPRA,CPI,,5090,M,2,1,0,FALSE,FALSE,21.06,1782,7.37,,1
AEWB120390,3,0,1962,MOHAMMAD HAFIZUDDIN,West_Bengal,CHOPRA,PSP,,425,M,6,1,0,FALSE,FALSE,1.76,21,0.09,,1
AEWB120392,3,0,1962,MOHAMMAD HAYAT ALI,West_Bengal,GOALPOKHAR,PSP,,7700,M,1,1,1,FALSE,FALSE,42.01,1307,7.13,,1
AEWB120393,3,0,1962,MOHAMMAD MUZAFFAR HUSSAIN,West_Bengal,GOALPOKHAR,INC,,6393,M,2,1,0,FALSE,FALSE,34.88,3241,17.68,,1
AEWB120395,3,0,1962,MUKHIA MAHAMADDIN,West_Bengal,GOALPOKHAR,FB,,1083,M,4,1,0,FALSE,FALSE,5.91,0,0,,1
AEWB120396,3,0,1962,PHANIS CHANDRA SINHA,West_Bengal,KARANDIGHI,INC,,11038,M,1,1,1,FALSE,FALSE,45.11,1663,6.8,,1
AEWB120397,3,0,1962,SHAHABUDDIN AHMAD,West_Bengal,KARANDIGHI,PSP,,9375,M,2,1,0,FALSE,FALSE,38.32,7621,31.15,,1
AEWB120408,3,0,1962,SYAMA PROSAD BARMAN,West_Bengal,KALIGANJ,INC,,11703,M,1,1,1,FALSE,FALSE,39.06,2678,8.94,,1
AEWB120409,3,0,1962,AMRITA LAL SARKER,West_Bengal,KALIGANJ,CPI,,9025,M,2,1,0,FALSE,FALSE,30.12,1835,6.12,,1
AEWB120411,3,0,1962,ANANDI ROY BARMAN,West_Bengal,KALIGANJ,PSP,,2047,M,4,1,0,FALSE,FALSE,6.83,0,0,,1
AEWB120412,3,0,1962,KHALIL SAYED,West_Bengal,KUSHMANDI,CPI,,12679,M,1,1,1,FALSE,FALSE,41.88,3544,11.7,,1
AEWB120413,3,0,1962,MAHARAJA BASU,West_Bengal,KUSHMANDI,INC,,9135,M,2,1,0,FALSE,FALSE,30.17,4066,13.43,,1
AEWB120414,3,0,1962,MAJEDAR RAHAMAN,West_Bengal,KUSHMANDI,PSP,,5069,M,3,1,0,FALSE,FALSE,16.74,1674,5.53,,1
AEWB120416,3,0,1962,MANGLA KISKU,West_Bengal,GANGARAMPUR,CPI,,15136,M,1,1,1,FALSE,FALSE,50.38,2323,7.73,,1
AEWB120417,3,0,1962,LAKSHAN CHANDRA HASDA,West_Bengal,GANGARAMPUR,INC,,12813,M,2,1,0,FALSE,FALSE,42.65,11430,38.04,,1
AEWB120418,3,0,1962,RAM ROY TUDOO,West_Bengal,GANGARAMPUR,PSP,,1383,M,3,1,0,FALSE,FALSE,4.6,671,2.23,,1
AEWB120420,3,0,1962,SUSIL RANJAN CHATTOPADHYAY,West_Bengal,BALURGHAT,INC,,17277,M,1,1,1,FALSE,FALSE,49.51,2015,5.77,,1
AEWB120421,3,0,1962,DHIRENDRA NATH BANERJEE,West_Bengal,BALURGHAT,RSP,,15262,M,2,1,0,FALSE,FALSE,43.73,12904,36.98,,1
AEWB120422,3,0,1962,ANIL KUMAR BISWAS,West_Bengal,BALURGHAT,PSP,,2358,M,3,1,0,FALSE,FALSE,6.76,0,0,,1
AEWB120426,3,0,1962,JOYNAL ABEDIN,West_Bengal,ITAHAR,INC,,22276,M,1,1,1,FALSE,FALSE,52.4,2734,6.43,,1
AEWB120427,3,0,1962,BASANTLAL CHATTERJEE,West_Bengal,ITAHAR,CPI,,19542,M,2,1,0,FALSE,FALSE,45.97,18852,44.35,,1
AEWB120432,3,0,1962,DHARANIDHAR SARKAR,West_Bengal,MALDA,CPI,,17615,M,1,1,1,FALSE,FALSE,52.44,7621,22.69,,1
AEWB120433,3,0,1962,NIKUNJA BEHARI GUPTA,West_Bengal,MALDA,INC,,9994,M,2,1,0,FALSE,FALSE,29.75,5461,16.26,,1
AEWB120437,3,1,1964,K.K.RAY,West_Bengal,MALDA,INC,,21848,M,1,1,1,FALSE,FALSE,70.95,12901,41.89,,1
AEWB120438,3,1,1964,SANTI RANJAN DAS,West_Bengal,MALDA,CPI,,8947,M,2,1,0,FALSE,FALSE,29.05,0,0,,1
AEWB120440,3,0,1962,TAFAZZAL HOSSAIN,West_Bengal,KHARBA,INC,,15533,M,2,1,0,FALSE,FALSE,37.33,13117,31.52,,1
AEWB120442,3,0,1962,BIRENDRA KUMAR MOITRA,West_Bengal,HARISCHANDRAPUR,INC,,23401,M,1,1,1,FALSE,FALSE,55.06,4303,10.12,,1
AEWB120444,3,0,1962,DHANESWAR SAHA,West_Bengal,RATUA,INC,,12077,M,1,1,1,FALSE,FALSE,52.62,7998,34.85,,1
AEWB120445,3,0,1962,NILMANI SAHA,West_Bengal,RATUA,SWA,,4079,M,2,1,0,FALSE,FALSE,17.77,604,2.63,,1
AEWB120449,3,0,1962,SOWRINDRA MOHAN MISRA,West_Bengal,MANIKCHAK,INC,,14853,M,1,1,1,FALSE,FALSE,50.63,1736,5.92,,1
AEWB120450,3,0,1962,SUDHENDU JHA,West_Bengal,MANIKCHAK,CPI,,13117,M,2,1,0,FALSE,FALSE,44.71,12210,41.62,,1
AEWB120454,3,0,1962,PROFULLADHAN MUKERJEE,West_Bengal,ENGLISHBAZAR,IND,,10006,M,2,1,0,FALSE,FALSE,33.7,4172,14.05,,1
AEWB120457,3,0,1962,ASHADULLA CHOUDHURY,West_Bengal,SUJAPUR,INC,,18638,M,1,1,1,FALSE,FALSE,63.36,7859,26.72,,1
AEWB120458,3,0,1962,SAMJUDDIN AHAMMED,West_Bengal,SUJAPUR,SWA,,10779,M,2,1,0,FALSE,FALSE,36.64,0,0,,1
AEWB120459,3,0,1962,PROMODE RANJAN BOSE,West_Bengal,KALIACHAK,IND,,19653,M,1,1,1,FALSE,FALSE,48.21,5549,13.61,,1
AEWB120461,3,0,1962,NUHUL ISLAM,West_Bengal,KALIACHAK,CPI,,3441,M,3,1,0,FALSE,FALSE,8.44,1740,4.27,,1
AEWB120465,3,0,1962,MOHAMAD GIASUDDIN,West_Bengal,FARAKKA,INC,,10203,M,1,1,1,FALSE,FALSE,46.18,4060,18.38,,1
AEWB120470,3,1,1964,A.H.SYED,West_Bengal,FARAKKA,INC,,10185,M,1,1,1,FALSE,FALSE,47.41,2680,12.47,,1
AEWB120480,3,0,1962,AMBIKA CHARAN DAS,West_Bengal,SAGARDIGHI,INC,,11594,M,1,1,1,FALSE,FALSE,60.99,8105,42.63,,1
AEWB120481,3,0,1962,KUBER CHAND HALDAR,West_Bengal,SAGARDIGHI,IND,,3489,M,2,1,0,FALSE,FALSE,18.35,1402,7.37,,1
AEWB120482,3,0,1962,DWARAKA NATH BARMAN,West_Bengal,SAGARDIGHI,PSP,,2087,M,3,1,0,FALSE,FALSE,10.98,632,3.32,,1
AEWB120485,3,0,1962,SYED KAZIM ALI MIRZA,West_Bengal,LALGOLA,INC,,16506,M,1,1,1,FALSE,FALSE,56.99,4048,13.98,,1
AEWB120486,3,0,1962,MOHAMMAD SAJJAD ALI,West_Bengal,LALGOLA,IND,,12458,M,2,1,0,FALSE,FALSE,43.01,0,0,,1
AEWB120488,3,0,1962,HAFIZUR RAHAMAN KAZI,West_Bengal,BHAGAWANGOLA,INC,,13959,M,2,1,0,FALSE,FALSE,38.43,11583,31.89,,1
AEWB120490,3,0,1962,SYED BADRUDDUJA,West_Bengal,RANINAGAR,IND,,23360,M,1,1,1,FALSE,FALSE,69.34,16919,50.22,,1
AEWB120491,3,0,1962,AZIZUR RAHMAN,West_Bengal,RANINAGAR,INC,,6441,M,2,1,0,FALSE,FALSE,19.12,3958,11.75,,1
AEWB120494,3,0,1962,BIRENDRA NARAYAN RAY,West_Bengal,MURSHIDABAD,IND,,19144,M,1,1,1,FALSE,FALSE,50.69,6961,18.43,,1
AEWB120495,3,0,1962,DURGAPADA SINHA,West_Bengal,MURSHIDABAD,INC,,12183,M,2,1,0,FALSE,FALSE,32.26,7441,19.7,,1
AEWB120499,3,0,1962,ABHAYAPADA SAHA,West_Bengal,KHARGRAM,RSP,,16739,M,1,1,1,FALSE,FALSE,51.88,1216,3.77,,1
AEWB120500,3,0,1962,SUDHIR KUMAR MONDAL,West_Bengal,KHARGRAM,INC,,15523,M,2,1,0,FALSE,FALSE,48.12,0,0,,1
AEWB120501,3,0,1962,KUMAR JAGDISH CHANDRA SINHA,West_Bengal,KANDI,INC,,20389,M,1,1,1,FALSE,FALSE,50.12,94,0.23,,1
AEWB120502,3,0,1962,AMALENDRA LAL ROY,West_Bengal,KANDI,RSP,,20295,M,2,1,0,FALSE,FALSE,49.88,0,0,,1
AEWB120503,3,0,1962,SHAMBHU GOPAL DAS,West_Bengal,BHARATPUR,RSP,,18118,M,1,1,1,FALSE,FALSE,47.35,6832,17.85,,1
AEWB120504,3,0,1962,GOALBADAN TRIVEDI,West_Bengal,BHARATPUR,INC,,11286,M,2,1,0,FALSE,FALSE,29.5,5112,13.36,,1
AEWB120508,3,0,1962,DEBSARAN GHOSH,West_Bengal,BELDANGA,RSP,,18295,M,1,1,1,FALSE,FALSE,46.03,2751,6.92,,1
AEWB120509,3,0,1962,MAHAMMAD KHUDA BUKHSH,West_Bengal,BELDANGA,IND,,15544,M,2,1,0,FALSE,FALSE,39.11,12029,30.26,,1
AEWB120510,3,0,1962,ANIL KUMAR BANERJEE,West_Bengal,BELDANGA,INC,,3515,M,3,1,0,FALSE,FALSE,8.84,2004,5.04,,1
AEWB120513,3,0,1962,MOHAMMAD ISRAIL,West_Bengal,NAODA,INC,,17671,M,1,1,1,FALSE,FALSE,35.95,6339,12.9,,1
AEWB120514,3,0,1962,MANOJ KUMAR BISWAS,West_Bengal,NAODA,IND,,11332,M,2,1,0,FALSE,FALSE,23.06,1884,3.83,,1
AEWB120519,3,0,1962,BEJOY KUMAR GHOSE,West_Bengal,BERHAMPORE,INC,,15217,M,2,1,0,FALSE,FALSE,39.03,13473,34.55,,1
AEWB120523,3,0,1962,ABDUL LATIF,West_Bengal,HARIHARPARA,INC,,20763,M,1,1,1,FALSE,FALSE,48.05,5021,11.62,,1
AEWB120524,3,0,1962,SUBRAHMANYA KRISHNA CHOUDHURY,West_Bengal,HARIHARPARA,IND,,15742,M,2,1,0,FALSE,FALSE,36.43,11596,26.83,,1
AEWB120529,3,0,1962,ABDUL BARI MOKTAR,West_Bengal,JALANGI,IND,,15847,M,1,1,1,FALSE,FALSE,53.07,5800,19.42,,1
AEWB120530,3,0,1962,GOLAM SOLEMAN,West_Bengal,JALANGI,INC,,10047,M,2,1,0,FALSE,FALSE,33.65,8428,28.23,,1
AEWB120535,3,0,1962,SAMARAJIT BANDYOPADHYAY,West_Bengal,KARIMPUR,INC,,18342,M,1,1,1,FALSE,FALSE,47.3,2552,6.58,,1
AEWB120539,3,0,1962,SANKARDAS BANDYOPADHYAY,West_Bengal,TEHATTA,INC,,24422,M,1,1,1,FALSE,FALSE,56.4,11202,25.87,,1
AEWB120540,3,0,1962,SHAHABUDDIN MONDAL,West_Bengal,TEHATTA,CPI,,13220,M,2,1,0,FALSE,FALSE,30.53,8369,19.33,,1
AEWB120541,3,0,1962,BIBHUTI BHUSAN BISWAS,West_Bengal,TEHATTA,SBP,,4851,M,3,1,0,FALSE,FALSE,11.2,4041,9.33,,1
AEWB120543,3,0,1962,S. M. FAZLUR RAHMAN,West_Bengal,NAKASHIPARA,INC,,23411,M,1,1,1,FALSE,FALSE,55.05,14829,34.87,,1
AEWB120544,3,0,1962,MOHADEB BHATTACHARYA,West_Bengal,NAKASHIPARA,SBP,,8582,M,2,1,0,FALSE,FALSE,20.18,190,0.45,,1
AEWB120545,3,0,1962,SUDHANSUSEKHAR SEN,West_Bengal,NAKASHIPARA,CPI,,8392,M,3,1,0,FALSE,FALSE,19.73,7162,16.84,,1
AEWB120548,3,0,1962,MOHANANDA HALDAR,West_Bengal,CHAPRA,SBP,,16075,M,1,1,1,FALSE,FALSE,51.31,821,2.62,,1
AEWB120549,3,0,1962,RAJINDRA NATH BISWAS,West_Bengal,CHAPRA,INC,,15254,M,2,1,0,FALSE,FALSE,48.69,0,0,,1
AEWB120550,3,0,1962,KASHI KANTA MAITRA,West_Bengal,KRISHNAGAR,PSP,,14510,M,1,1,1,FALSE,FALSE,46.77,3513,11.32,,1
AEWB120551,3,0,1962,JAGANNATH MAJUMDER,West_Bengal,KRISHNAGAR,INC,,10997,M,2,1,0,FALSE,FALSE,35.44,7625,24.58,,1
AEWB120553,3,0,1962,RABINDRA NATH ROY,West_Bengal,KRISHNAGAR,FB,,1900,M,4,1,0,FALSE,FALSE,6.12,1652,5.32,,1
AEWB120555,3,0,1962,DEBI PRASAD BASU,West_Bengal,NABADWIP,CPI,,27851,M,1,1,1,FALSE,FALSE,59.19,12083,25.68,,1
AEWB120556,3,0,1962,NIRANHAN MODAK,West_Bengal,NABADWIP,INC,,15768,M,2,1,0,FALSE,FALSE,33.51,13672,29.06,,1
AEWB120560,3,0,1962,HARIDAS DEY,West_Bengal,SANTIPUR,INC,,17400,M,2,1,0,FALSE,FALSE,35.26,12001,24.32,,1
AEWB120561,3,0,1962,BIJAN KUMAR CHAKRAVARTI,West_Bengal,SANTIPUR,SBP,,5399,M,3,1,0,FALSE,FALSE,10.94,0,0,,1
AEWB120562,3,0,1962,PRAMITHA RANJAN THAKUR,West_Bengal,HANSKHALI,INC,,16919,M,1,1,1,FALSE,FALSE,38.86,3762,8.64,,1
AEWB120566,3,1,1964,R.K.MALLICK,West_Bengal,HANSKHALI,INC,,18206,M,1,1,1,FALSE,FALSE,51.02,8147,22.83,,1
AEWB120567,3,1,1964,J.N.MANDAL,West_Bengal,HANSKHALI,IND,,10059,M,2,1,0,FALSE,FALSE,28.19,3557,9.97,,1
AEWB120570,3,0,1962,GOUR CHANDRA KUNDU,West_Bengal,RANAGHAT,CPI,,18029,M,1,1,1,FALSE,FALSE,46.82,2984,7.75,,1
AEWB120572,3,0,1962,ASHIM KUMAR MAJUMDER,West_Bengal,RANAGHAT,PSP,,3322,M,3,1,0,FALSE,FALSE,8.63,2009,5.22,,1
AEWB120575,3,0,1962,SANTI DAS,West_Bengal,CHAKDAH,INC,,22894,F,1,1,1,FALSE,FALSE,51.26,11853,26.54,,1
AEWB120576,3,0,1962,AKHIL CHANDRA NANDY,West_Bengal,CHAKDAH,CPI,,11041,M,2,1,0,FALSE,FALSE,24.72,2345,5.25,,1
AEWB120579,3,0,1962,NARENDRA NATH SARKER,West_Bengal,HARINGHATA,INC,,29354,M,1,1,1,FALSE,FALSE,46.98,4820,7.71,,1
AEWB120580,3,0,1962,SUSHIL CHATTERJEE,West_Bengal,HARINGHATA,CPI,,24534,M,2,1,0,FALSE,FALSE,39.26,20958,33.54,,1
AEWB120586,3,0,1962,MANINDRA BHUSAN BISWAS,West_Bengal,BAGDAH,INC,,21151,M,1,1,1,FALSE,FALSE,45.66,9998,21.59,,1
AEWB120587,3,0,1962,JOGENDRA NATH MONDAL,West_Bengal,BAGDAH,IND,,11153,M,2,1,0,FALSE,FALSE,24.08,2283,4.93,,1
AEWB120588,3,0,1962,SUSANTA KUMAR HALDAR,West_Bengal,BAGDAH,CPI,,8870,M,3,1,0,FALSE,FALSE,19.15,4720,10.19,,1
AEWB120591,3,0,1962,JIBAN RATAN DHAR,West_Bengal,BONGAON,INC,,33220,M,1,1,1,FALSE,FALSE,56.88,14880,25.48,,1
AEWB120593,3,0,1962,BALAHARI MONDAL,West_Bengal,BONGAON,PSP,,4093,M,3,1,0,FALSE,FALSE,7.01,2271,3.89,,1
AEWB120596,3,0,1962,TARUN KANTI GHOSE,West_Bengal,HABRA,INC,,39460,M,1,1,1,FALSE,FALSE,62.65,16915,26.85,,1
AEWB120597,3,0,1962,SADHAN SEN,West_Bengal,HABRA,CPI,,22545,M,2,1,0,FALSE,FALSE,35.79,21903,34.77,,1
AEWB120598,3,0,1962,GOBINDA LAL BANERJEE,West_Bengal,HABRA,SBP,,642,M,3,1,0,FALSE,FALSE,1.02,301,0.48,,1
AEWB120600,3,0,1962,ASOKE KRISHNA DUTTA,West_Bengal,BARASAT,INC,,26919,M,1,1,1,FALSE,FALSE,50.42,3432,6.43,,1
AEWB120604,3,0,1962,MONORANJAN ROY,West_Bengal,BIJPUR,CPI,,20377,M,1,1,1,FALSE,FALSE,47.25,1645,3.81,,1
AEWB120605,3,0,1962,ANIMA ROY CHAUDHURI,West_Bengal,BIJPUR,INC,,18732,M,2,1,0,FALSE,FALSE,43.44,15765,36.56,,1
AEWB120609,3,0,1962,GOPAL BASU,West_Bengal,NAIHATI,CPI,,21401,M,1,1,1,FALSE,FALSE,51.33,2004,4.81,,1
AEWB120610,3,0,1962,BIBHUTI BHUSAN BHATTACHARJEE,West_Bengal,NAIHATI,INC,,19397,M,2,1,0,FALSE,FALSE,46.52,18498,44.36,,1
AEWB120612,3,0,1962,DAYARAM BEGI,West_Bengal,BHATPARA,INC,,23261,M,1,1,1,FALSE,FALSE,56.15,5982,14.44,,1
AEWB120616,3,0,1962,JAMINI BHUSHA SAHA,West_Bengal,NOAPARA,CPI,,22086,M,1,1,1,FALSE,FALSE,48.29,1598,3.49,,1
AEWB120617,3,0,1962,SATISH CHANDRA BASU,West_Bengal,NOAPARA,INC,,20488,M,2,1,0,FALSE,FALSE,44.79,17886,39.1,,1
AEWB120618,3,0,1962,PANCHANAN BHATTACHARJEE,West_Bengal,NOAPARA,PSP,,2602,M,3,1,0,FALSE,FALSE,5.69,2039,4.46,,1
AEWB120621,3,0,1962,SURENDRA CHANDRA CHOUDHURY,West_Bengal,TITAGARH,CPI,,21888,M,2,1,0,FALSE,FALSE,46.11,20534,43.26,,1
AEWB120625,3,0,1962,SHISHIR KUMAR MITRA,West_Bengal,KHARDAH,INC,,19660,M,2,1,0,FALSE,FALSE,30.86,12910,20.27,,1
AEWB120626,3,0,1962,SAMAR GUHA,West_Bengal,KHARDAH,PSP,,6750,M,3,1,0,FALSE,FALSE,10.6,6588,10.34,,1
AEWB120628,3,0,1962,JYOTI BASU,West_Bengal,BARANAGAR,CPI,,40830,M,1,1,1,FALSE,FALSE,56.97,13412,18.71,,1
AEWB120631,3,0,1962,BIJOY RATNA SEN SHARMA,West_Bengal,BARANAGAR,PSP,,974,M,4,1,0,FALSE,FALSE,1.36,484,0.68,,1
AEWB120636,3,0,1962,PRASHANTA KUMAR GHOSE,West_Bengal,DUM DUM,INC,,31357,M,2,1,0,FALSE,FALSE,37.74,28426,34.21,,1
AEWB120637,3,0,1962,PABITRA MOHAN ROY,West_Bengal,DUM DUM,PSP,,2931,M,3,1,0,FALSE,FALSE,3.53,0,0,,1
AEWB120638,3,0,1962,PRANAB PRASAD ROY,West_Bengal,RAJARHAT,INC,,20259,M,1,1,1,FALSE,FALSE,52.9,2218,5.79,,1
AEWB120639,3,0,1962,LAKSHMI KANTA PRAMANIK,West_Bengal,RAJARHAT,IND,,18041,M,2,1,0,FALSE,FALSE,47.1,0,0,,1
AEWB120640,3,0,1962,MAULANA BAZLUR RAHAMAN DARGAPURI,West_Bengal,DEGANGA,INC,,21068,M,1,1,1,FALSE,FALSE,60.42,9619,27.58,,1
AEWB120641,3,0,1962,BARODA MUKUTMANI,West_Bengal,DEGANGA,IND,,11449,M,2,1,0,FALSE,FALSE,32.83,10109,28.99,,1
AEWB120645,3,0,1962,JAMINI RANJAN SEN,West_Bengal,SWARUPNAGAR,CPI,,29045,M,2,1,0,FALSE,FALSE,49.98,0,0,,1
AEWB120646,3,0,1962,MD. ZIAUL HAQUE,West_Bengal,BADURIA,INC,,24205,M,1,1,1,FALSE,FALSE,52.68,4059,8.83,,1
AEWB120647,3,0,1962,MIR ABDUS SAYEED,West_Bengal,BADURIA,CPI,,20146,M,2,1,0,FALSE,FALSE,43.85,19123,41.62,,1
AEWB120652,3,0,1962,BANSHADHAR GHOSH,West_Bengal,BASIRHAT,PSP,,2421,M,3,1,0,FALSE,FALSE,5.97,0,0,,1
AEWB120653,3,0,1962,DINABANDHU DAS,West_Bengal,HASNABAD,INC,,26120,M,1,1,1,FALSE,FALSE,61.52,11328,26.68,,1
AEWB120654,3,0,1962,HEMANTA GHOSHAL,West_Bengal,HASNABAD,CPI,,14792,M,2,1,0,FALSE,FALSE,34.84,13836,32.59,,1
AEWB120658,3,0,1962,HARAN CHANDRA MONDAL,West_Bengal,SANDESHKHALI,RSP,,13711,M,2,1,0,FALSE,FALSE,32.39,4161,9.83,,1
AEWB120661,3,0,1962,RAJKRISHNA MONDAL,West_Bengal,KALINAGAR,INC,,19797,M,1,1,1,FALSE,FALSE,54.74,5064,14,,1
AEWB120662,3,0,1962,HAZARI LAL MONDAL,West_Bengal,KALINAGAR,CPI,,14733,M,2,1,0,FALSE,FALSE,40.74,13100,36.22,,1
AEWB120664,3,0,1962,JEHANGIR KABIR,West_Bengal,HAROA,INC,,16530,M,1,1,1,FALSE,FALSE,46.28,2034,5.69,,1
AEWB120665,3,0,1962,ABDUL MOQUID,West_Bengal,HAROA,IND,,14496,M,2,1,0,FALSE,FALSE,40.58,11891,33.29,,1
AEWB120670,3,0,1962,SAMIR KUMAR SIRCAR,West_Bengal,BHANGAR,IND,,12057,M,2,1,0,FALSE,FALSE,22.94,4578,8.71,,1
AEWB120671,3,0,1962,LATEMAN ALI MOLLA,West_Bengal,BHANGAR,CPI,,7479,M,3,1,0,FALSE,FALSE,14.23,6144,11.69,,1
AEWB120672,3,0,1962,ANIL GHOSH,West_Bengal,BHANGAR,PSP,,1335,M,4,1,0,FALSE,FALSE,2.54,144,0.27,,1
AEWB120675,3,0,1962,SHAKILA KHATUN,West_Bengal,BASANTI,INC,,20131,F,1,1,1,FALSE,FALSE,60.45,13978,41.97,,1
AEWB120676,3,0,1962,PHANI BHUSHAN MONDAL,West_Bengal,BASANTI,IND,,6153,M,2,1,0,FALSE,FALSE,18.48,3334,10.01,,1
AEWB120677,3,0,1962,L. KHATER ALI,West_Bengal,BASANTI,RSP,,2819,M,3,1,0,FALSE,FALSE,8.46,295,0.89,,1
AEWB120681,3,0,1962,KHAGENDRA NATH NASKAR,West_Bengal,CANNING,INC,,15759,M,1,1,1,FALSE,FALSE,46,882,2.57,,1
AEWB120682,3,0,1962,AMULYA CHARAN NASKAR,West_Bengal,CANNING,IND,,14877,M,2,1,0,FALSE,FALSE,43.42,13015,37.99,,1
AEWB120683,3,0,1962,LALIT KUMAR SINHA,West_Bengal,CANNING,RSP,,1862,M,3,1,0,FALSE,FALSE,5.43,98,0.29,,1
AEWB120686,3,1,1964,PULIN MANDAL,West_Bengal,CANNING,INC,,10893,M,2,1,0,FALSE,FALSE,30.73,0,0,,1
AEWB120687,3,0,1962,JNANTOSH CHAKRAVARTI,West_Bengal,JOYNAGAR NORTH,INC,,24185,M,1,1,1,FALSE,FALSE,52.59,4195,9.12,,1
AEWB120688,3,0,1962,SUBODH BANERJE,West_Bengal,JOYNAGAR NORTH,SUC,,19990,M,2,1,0,FALSE,FALSE,43.46,18173,39.51,,1
AEWB120690,3,0,1962,ANADI MOHAN TANTI,West_Bengal,JOYNAGAR SOUTH,INC,,27902,M,1,1,1,FALSE,FALSE,59.73,12005,25.7,,1
AEWB120691,3,0,1962,RENUPADA HALDER,West_Bengal,JOYNAGAR SOUTH,SUC,,15897,M,2,1,0,FALSE,FALSE,34.03,12983,27.79,,1
AEWB120693,3,0,1962,BHUSAN CHANDRA DAS,West_Bengal,MATHURAPUR SOUTH EAST,INC,,20743,M,1,1,1,FALSE,FALSE,45.24,6612,14.42,,1
AEWB120694,3,0,1962,RASH BEHARI GHOSH,West_Bengal,MATHURAPUR SOUTH EAST,CPI,,14131,M,2,1,0,FALSE,FALSE,30.82,6075,13.25,,1
AEWB120697,3,0,1962,MAYA BANERJEE,West_Bengal,KAKDWIP,INC,,20778,F,1,1,1,FALSE,FALSE,34.38,3860,6.39,,1
AEWB120698,3,0,1962,GOBARDHAN DINGAL,West_Bengal,KAKDWIP,IND,,16918,M,2,1,0,FALSE,FALSE,27.99,2953,4.89,,1
AEWB120699,3,0,1962,HRISHIHESH MAITY,West_Bengal,KAKDWIP,CPI,,13965,M,3,1,0,FALSE,FALSE,23.1,5184,8.58,,1
AEWB120700,3,0,1962,HARIPADA BAGULI,West_Bengal,KAKDWIP,PSP,,8781,M,4,1,0,FALSE,FALSE,14.53,0,0,,1
AEWB120701,3,0,1962,BRINDABAN GAYEN,West_Bengal,MATHURAPUR NORTH WEST,INC,,24429,M,1,1,1,FALSE,FALSE,52.3,9550,20.45,,1
AEWB120702,3,0,1962,BISHNUPADA PRAMANIK,West_Bengal,MATHURAPUR NORTH WEST,PSP,,14879,M,2,1,0,FALSE,FALSE,31.86,8281,17.73,,1
AEWB120705,3,0,1962,HRISHIKESH HALDER,West_Bengal,KULPI,IND,,23339,M,1,1,1,FALSE,FALSE,46.84,617,1.24,,1
AEWB120706,3,0,1962,HANSADHWAJ DHARA,West_Bengal,KULPI,INC,,22722,M,2,1,0,FALSE,FALSE,45.6,19822,39.78,,1
AEWB120711,3,0,1962,JAGDISH CHANDRA HALDER,West_Bengal,DIAMOND HARBOUR,INC,,17031,M,1,1,1,FALSE,FALSE,40.43,6466,15.35,,1
AEWB120712,3,0,1962,ASHRAF MONDAL,West_Bengal,DIAMOND HARBOUR,IND,,10565,M,2,1,0,FALSE,FALSE,25.08,1459,3.46,,1
AEWB120713,3,0,1962,ANIL DATTA,West_Bengal,DIAMOND HARBOUR,CPI,,9106,M,3,1,0,FALSE,FALSE,21.62,3683,8.74,,1
AEWB120714,3,0,1962,RAMANUJ HALDER,West_Bengal,DIAMOND HARBOUR,PSP,,5423,M,4,1,0,FALSE,FALSE,12.87,0,0,,1
AEWB120715,3,0,1962,KHAGENDRA NATH DAS,West_Bengal,FALTA,INC,,24249,M,1,1,1,FALSE,FALSE,52.71,6206,13.49,,1
AEWB120716,3,0,1962,JYOTISH CHANDRA ROY,West_Bengal,FALTA,CPI,,18043,M,2,1,0,FALSE,FALSE,39.22,16616,36.12,,1
AEWB120724,3,0,1962,MAIZUDDIN AHMAD,West_Bengal,MAGRAHAT WEST,CPI,,13294,M,2,1,0,FALSE,FALSE,33.68,10367,26.26,,1
AEWB120728,3,0,1962,ARDHENDU SEKHAR NASKAR,West_Bengal,MAGRAHAT EAST,INC,,0,M,1,1,1,FALSE,FALSE,,0,,,1
AEWB120729,3,0,1962,SAKTI KUMAR SARKAR,West_Bengal,BARUIPUR,INC,,24597,M,1,1,1,FALSE,FALSE,57.18,10610,24.66,,1
AEWB120730,3,0,1962,GANGADHAR NASKAR,West_Bengal,BARUIPUR,CPI,,13987,M,2,1,0,FALSE,FALSE,32.51,11228,26.1,,1
AEWB120731,3,0,1962,GIRISH CHANDRA SARDAR,West_Bengal,BARUIPUR,PSP,,2759,M,3,1,0,FALSE,FALSE,6.41,1083,2.52,,1
AEWB120733,3,0,1962,KHAGENDRA KUMAR ROY CHOWDHARY,West_Bengal,SONARPUR,CPI,,25508,M,1,1,1,FALSE,FALSE,52.28,11028,22.6,,1
AEWB120734,3,0,1962,ANIL KUMAR BANERJEE,West_Bengal,SONARPUR,INC,,14480,M,2,1,0,FALSE,FALSE,29.68,7730,15.84,,1
AEWB120736,3,0,1962,KANAI LAL BOSE,West_Bengal,SONARPUR,PSP,,2053,M,4,1,0,FALSE,FALSE,4.21,0,0,,1
AEWB120737,3,0,1962,SANTILATA MONDAL,West_Bengal,BISHNUPUR EAST,INC,,28657,F,1,1,1,FALSE,FALSE,61.08,17680,37.68,,1
AEWB120743,3,0,1962,PROVASH CHANDRA ROY,West_Bengal,BISHNUPUR WEST,CPI,,20451,M,2,1,0,FALSE,FALSE,43.56,19405,41.33,,1
AEWB120746,3,0,1962,HARALAL HALDAR,West_Bengal,BUDGE BUDGE,INC,,21573,M,1,1,1,FALSE,FALSE,48.69,3329,7.51,,1
AEWB120747,3,0,1962,KSHITI BHUSAN ROY BARMAN,West_Bengal,BUDGE BUDGE,CPI,,18244,M,2,1,0,FALSE,FALSE,41.17,15335,34.61,,1
AEWB120748,3,0,1962,SURENDRA NATH MONDAL,West_Bengal,BUDGE BUDGE,PSP,,2909,M,3,1,0,FALSE,FALSE,6.57,2282,5.15,,1
AEWB120752,3,0,1962,AHAMMAD ALI MUFTI,West_Bengal,MAHESHTOLA,INC,,24498,M,1,1,1,FALSE,FALSE,56.8,9078,21.05,,1
AEWB120754,3,0,1962,GOPAL CHANDRA NASKAR,West_Bengal,MAHESHTOLA,PSP,,1664,M,3,1,0,FALSE,FALSE,3.86,114,0.26,,1
AEWB120756,3,0,1962,RABINDRA NATH MUKHOPADHYAY,West_Bengal,BEHALA,CPI,,35650,M,1,1,1,FALSE,FALSE,54.97,12438,19.18,,1
AEWB120757,3,0,1962,BIRENDRA MOHAN GHATAK,West_Bengal,BEHALA,INC,,23212,M,2,1,0,FALSE,FALSE,35.79,17222,26.56,,1
AEWB120758,3,0,1962,RAMESH CHANDRA MAJUMDER,West_Bengal,BEHALA,SBP,,5990,M,3,1,0,FALSE,FALSE,9.24,0,0,,1
AEWB120760,3,0,1962,SHAIKH ABDULLAH FAROOQUIE,West_Bengal,GARDEN REACH,CPI,,21220,M,2,1,0,FALSE,FALSE,41.85,0,0,,1
AEWB120761,3,0,1962,MAITREYEE BOSE,West_Bengal,FORT,INC,,13871,F,1,1,1,FALSE,FALSE,51.78,2264,8.45,,1
AEWB120762,3,0,1962,NARESH CHANDRA BANERJEE,West_Bengal,FORT,CPI,,11607,M,2,1,0,FALSE,FALSE,43.33,10298,38.44,,1
AEWB120764,3,0,1962,NARENDRA NATH SEN,West_Bengal,EKBALPORE,INC,,18575,M,1,1,1,FALSE,FALSE,49.03,9326,24.61,,1
AEWB120765,3,0,1962,NEPAL BHATTACHARYA,West_Bengal,EKBALPORE,IND,,9249,M,2,1,0,FALSE,FALSE,24.41,141,0.37,,1
AEWB120766,3,0,1962,SAIFUDDIN KASMIRI,West_Bengal,EKBALPORE,PSP,,9108,M,3,1,0,FALSE,FALSE,24.04,8152,21.52,,1
AEWB120768,3,0,1962,SOMNATH LAHIRI,West_Bengal,ALIPORE,CPI,,21070,M,1,1,1,FALSE,FALSE,58.59,6180,17.19,,1
AEWB120769,3,0,1962,SAILENDRANATH BANERJEE,West_Bengal,ALIPORE,INC,,14890,M,2,1,0,FALSE,FALSE,41.41,0,0,,1
AEWB120770,3,0,1962,BEVA MITRA,West_Bengal,KALIGHAT,INC,,19772,M,1,1,1,FALSE,FALSE,51.2,1686,4.37,,1
AEWB120771,3,0,1962,MANI KUNTALA SEN,West_Bengal,KALIGHAT,CPI,,18086,F,2,1,0,FALSE,FALSE,46.83,17326,44.87,,1
AEWB120773,3,0,1962,BIDHAN CHANDRA ROY,West_Bengal,CHOWRINGHEE,INC,,22556,M,1,1,1,FALSE,FALSE,72.08,15166,48.47,,1
AEWB120774,3,0,1962,BISWANATH MUKHERJEE,West_Bengal,CHOWRINGHEE,CPI,,7390,M,2,1,0,FALSE,FALSE,23.62,6632,21.19,,1
AEWB120778,3,0,1962,SIDDHARTHA SHANKAR RAY,West_Bengal,BHOWANIPUR,IND,,18297,M,1,1,1,FALSE,FALSE,53.46,2366,6.91,,1
AEWB120779,3,0,1962,PRITI KR. ROY CHAUDHURY,West_Bengal,BHOWANIPUR,INC,,15931,M,2,1,0,FALSE,FALSE,46.54,0,0,,1
AEWB120781,3,0,1962,PRIYA RANJAN SEN,West_Bengal,RASHBEHARI AVENUE,INC,,13871,M,2,1,0,FALSE,FALSE,36.28,6750,17.65,,1
AEWB120782,3,0,1962,SUNIL DAS,West_Bengal,RASHBEHARI AVENUE,PSP,,7121,M,3,1,0,FALSE,FALSE,18.62,0,0,,1
AEWB120784,3,0,1962,ASHA GHOSH,West_Bengal,TOLLYGUNGE,INC,,28531,F,2,1,0,FALSE,FALSE,39.14,26147,35.87,,1
AEWB120787,3,0,1962,ANIL MAITRA,West_Bengal,BALLYGUNGE,INC,,22176,M,1,1,1,FALSE,FALSE,49.37,543,1.21,,1
AEWB120788,3,0,1962,JNANENDRA NATH MAZUMDER,West_Bengal,BALLYGUNGE,CPI,,21633,M,2,1,0,FALSE,FALSE,48.16,20792,46.29,,1
AEWB120790,3,0,1962,SUNIL KRISHNA ROY CHAUDHURY,West_Bengal,BALLYGUNGE,SBP,,268,M,4,1,0,FALSE,FALSE,0.6,0,0,,1
AEWB120791,3,0,1962,GONESH PROSAD ROY,West_Bengal,BELIAGHATA SOUTH,INC,,15730,M,1,1,1,FALSE,FALSE,46.24,1203,3.54,,1
AEWB120792,3,0,1962,RAMA SANKAR PROSAD,West_Bengal,BELIAGHATA SOUTH,CPI,,14527,M,2,1,0,FALSE,FALSE,42.7,11466,33.7,,1
AEWB120794,3,0,1962,PRAFULLA KUMAR MANDAL,West_Bengal,BELIAGHATA SOUTH,PSP,,703,M,4,1,0,FALSE,FALSE,2.07,0,0,,1
AEWB120795,3,0,1962,JAGAT BASU,West_Bengal,BELIAGHATA NORTH,CPI,,22535,M,1,1,1,FALSE,FALSE,57.19,6571,16.67,,1
AEWB120800,3,0,1962,NAREN SEN,West_Bengal,MANICKTOLA,IND,,14784,M,2,1,0,FALSE,FALSE,29.21,2239,4.42,,1
AEWB120801,3,0,1962,SAMAR NATH SARKAR,West_Bengal,MANICKTOLA,INC,,12545,M,3,1,0,FALSE,FALSE,24.79,0,0,,1
AEWB120802,3,0,1962,GANESH GHOSH,West_Bengal,BELGACHIA,CPI,,27023,M,1,1,1,FALSE,FALSE,53.34,3384,6.68,,1
AEWB120803,3,0,1962,GANAPATI SUR,West_Bengal,BELGACHIA,INC,,23639,M,2,1,0,FALSE,FALSE,46.66,0,0,,1
AEWB120805,3,0,1962,AMERENDRA NATH GHOSE,West_Bengal,BURTOLA NORTH,INC,,15385,M,2,1,0,FALSE,FALSE,41.94,14769,40.26,,1
AEWB120808,3,0,1962,KESHAB CHANDRA BASU,West_Bengal,SUKEAS STREET,INC,,17242,M,1,1,1,FALSE,FALSE,50.96,1185,3.5,,1
AEWB120809,3,0,1962,SUHRID KUMAR MALLICK CHAUDHURY,West_Bengal,SUKEAS STREET,CPI,,16057,M,2,1,0,FALSE,FALSE,47.45,15810,46.72,,1
AEWB120813,3,0,1962,ABU ASAD MOHAMMED OBAIDUL GHANI,West_Bengal,ENTALLY,CPI,,16667,M,1,1,1,FALSE,FALSE,44.06,815,2.15,,1
AEWB120814,3,0,1962,GOLAM KARIM,West_Bengal,ENTALLY,INC,,15852,M,2,1,0,FALSE,FALSE,41.91,11248,29.74,,1
AEWB120820,3,0,1962,DHIRENDRA NATH DHAR,West_Bengal,TALTOLA,CPI,,14399,M,2,1,0,FALSE,FALSE,44.98,14182,44.3,,1
AEWB120822,3,0,1962,NARAYAN CHANDRA ROY,West_Bengal,VIDYASAGAR,CPI,,20134,M,1,1,1,FALSE,FALSE,54.29,3180,8.57,,1
AEWB120823,3,0,1962,B. HALDAR,West_Bengal,VIDYASAGAR,INC,,16954,M,2,1,0,FALSE,FALSE,45.71,0,0,,1
AEWB120824,3,0,1962,PRATAP CHANDRA CHUNDER,West_Bengal,MUCHIPARA,INC,,18686,M,1,1,1,FALSE,FALSE,50.74,545,1.48,,1
AEWB120825,3,0,1962,JATIN CHAKRAVORTY,West_Bengal,MUCHIPARA,RSP,,18141,M,2,1,0,FALSE,FALSE,49.26,0,0,,1
AEWB120826,3,0,1962,BIJOY SINGH NAHAR,West_Bengal,BOW BAZAR,INC,,20098,M,1,1,1,FALSE,FALSE,58.56,6607,19.25,,1
AEWB120827,3,0,1962,MD. ISMAIL,West_Bengal,BOW BAZAR,CPI,,13491,M,2,1,0,FALSE,FALSE,39.31,12939,37.7,,1
AEWB120830,3,0,1962,ISHAWAR DAS JALAN,West_Bengal,BARA BAZAR,INC,,25247,M,1,1,1,FALSE,FALSE,74.62,20493,60.57,,1
AEWB120831,3,0,1962,KISHAN LAL MAKHARIA,West_Bengal,BARA BAZAR,CPI,,4754,M,2,1,0,FALSE,FALSE,14.05,1444,4.27,,1
AEWB120835,3,0,1962,AMARENDRA NATH BASU,West_Bengal,BURTOLA SOUTH,CPI,,20466,M,1,1,1,FALSE,FALSE,53.75,2856,7.5,,1
AEWB120836,3,0,1962,SUHRID RUDRA,West_Bengal,BURTOLA SOUTH,INC,,17610,M,2,1,0,FALSE,FALSE,46.25,0,0,,1
AEWB120837,3,0,1962,BADRI PRASAD PODDAR,West_Bengal,JORSANKO,INC,,20238,M,1,1,1,FALSE,FALSE,57.95,9392,26.89,,1
AEWB120838,3,0,1962,NALINI KANTA GUHA,West_Bengal,JORSANKO,FB,,10846,M,2,1,0,FALSE,FALSE,31.06,7892,22.6,,1
AEWB120845,3,0,1962,"NAPAL CH, ROY",West_Bengal,JORABAGAN,INC,,26529,M,1,1,1,FALSE,FALSE,58.38,11179,24.6,,1
AEWB120846,3,0,1962,AJIT BISWAS,West_Bengal,JORABAGAN,FB,,15350,M,2,1,0,FALSE,FALSE,33.78,12966,28.53,,1
AEWB120852,3,0,1962,SYAM SUDER BANERJEE,West_Bengal,SHAMPUKUR,INC,,11497,M,2,1,0,FALSE,FALSE,30.92,11015,29.62,,1
AEWB120854,3,0,1962,SUNIL KUMAR DAS GUPTA,West_Bengal,COSSIPUR,INC,,17760,M,1,1,1,FALSE,FALSE,46.33,279,0.73,,1
AEWB120855,3,0,1962,MOHIT KUMAR MOITRA,West_Bengal,COSSIPUR,CPI,,17481,M,2,1,0,FALSE,FALSE,45.6,15076,39.32,,1
AEWB120856,3,0,1962,RANJIT KUMAR MITRA,West_Bengal,COSSIPUR,PSP,,2405,M,3,1,0,FALSE,FALSE,6.27,2035,5.31,,1
AEWB120859,3,0,1962,BEJOY BHATTACHARYA,West_Bengal,HOWRAH EAST,INC,,22672,M,1,1,1,FALSE,FALSE,49.08,1469,3.18,,1
AEWB120860,3,0,1962,NARESH DAS GUPTA,West_Bengal,HOWRAH EAST,CPI,,21203,M,2,1,0,FALSE,FALSE,45.9,19577,42.38,,1
AEWB120862,3,0,1962,RAM CHANDRA SHARMA,West_Bengal,HOWRAH EAST,PSP,,693,M,4,1,0,FALSE,FALSE,1.5,0,0,,1
AEWB120863,3,0,1962,KANAI LAL BHATTACHARYA,West_Bengal,HOWRAH SOUTH,FB,,22782,M,1,1,1,FALSE,FALSE,51.68,4246,9.63,,1
AEWB120864,3,0,1962,ANJALI CHATTERJEE,West_Bengal,HOWRAH SOUTH,INC,,18536,M,2,1,0,FALSE,FALSE,42.05,15769,35.77,,1
AEWB120867,3,0,1962,BANKIM CHANDRA KAR,West_Bengal,HOWRAH WEST,INC,,17173,M,2,1,0,FALSE,FALSE,38.73,9780,22.06,,1
AEWB120869,3,0,1962,SAILA MUKERJEE,West_Bengal,HOWRAH NORTH,INC,,25166,M,1,1,1,FALSE,FALSE,60.99,9968,24.16,,1
AEWB120870,3,0,1962,BIREN BANERJEE,West_Bengal,HOWRAH NORTH,CPI,,15198,M,2,1,0,FALSE,FALSE,36.83,14815,35.9,,1
AEWB120874,3,0,1962,SHAHKAR LAL MUKHARJEE,West_Bengal,BALLY,INC,,27322,M,1,1,1,FALSE,FALSE,50.56,2127,3.94,,1
AEWB120875,3,0,1962,PATIT PABAN PATHAK,West_Bengal,BALLY,CPI,,25195,M,2,1,0,FALSE,FALSE,46.62,23669,43.8,,1
AEWB120877,3,0,1962,TARA PADA DEY,West_Bengal,DOMJUR,CPI,,25770,M,1,1,1,FALSE,FALSE,49.44,809,1.55,,1
AEWB120878,3,0,1962,AHMAD HOSSAIN MONDAL,West_Bengal,DOMJUR,INC,,24961,M,2,1,0,FALSE,FALSE,47.89,23566,45.21,,1
AEWB120880,3,0,1962,SATYANARAYAN KHAN,West_Bengal,JAGATBALLAVPUR,INC,,24158,M,1,1,1,FALSE,FALSE,59.62,7796,19.24,,1
AEWB120881,3,0,1962,BRINDABAN BEHARI BASU,West_Bengal,JAGATBALLAVPUR,FB,,16362,M,2,1,0,FALSE,FALSE,40.38,0,0,,1
AEWB120882,3,0,1962,APURBA LAL MAJUMDAR,West_Bengal,PANCHLA,FB,,17886,M,1,1,1,FALSE,FALSE,48.33,19,0.05,,1
AEWB120883,3,0,1962,MANI LAL BASU,West_Bengal,PANCHLA,INC,,17867,M,2,1,0,FALSE,FALSE,48.28,16612,44.89,,1
AEWB120885,3,0,1962,DULAL CHANDRA MONDAL,West_Bengal,SANKRAIL,CPI,,19551,M,1,1,1,FALSE,FALSE,50.36,853,2.2,,1
AEWB120886,3,0,1962,NITYANANDA BHUNIYA,West_Bengal,SANKRAIL,INC,,18698,M,2,1,0,FALSE,FALSE,48.16,18122,46.68,,1
AEWB120887,3,0,1962,BALAI MALICK,West_Bengal,SANKRAIL,PSP,,576,M,3,1,0,FALSE,FALSE,1.48,0,0,,1
AEWB120888,3,0,1962,BEJOY BHUSAN MONDAL,West_Bengal,ULUBERIA NORTH,FB,,19610,M,1,1,1,FALSE,FALSE,52.48,1854,4.96,,1
AEWB120889,3,0,1962,PULIN BIHARI MULLICK,West_Bengal,ULUBERIA NORTH,INC,,17756,M,2,1,0,FALSE,FALSE,47.52,0,0,,1
AEWB120891,3,0,1962,BIBHUTI BHUSAN GHOSE,West_Bengal,ULUBERIA SOUTH,FB,,15401,M,2,1,0,FALSE,FALSE,38.71,14064,35.35,,1
AEWB120892,3,0,1962,SYED ABUL HOSAIN,West_Bengal,ULUBERIA SOUTH,PSP,,1337,M,3,1,0,FALSE,FALSE,3.36,8,0.02,,1
AEWB120894,3,0,1962,MURAARI MOHAN MANYA,West_Bengal,SYAMPUR,INC,,33498,M,1,1,1,FALSE,FALSE,55.22,6879,11.34,,1
AEWB120897,3,0,1962,RANJIT KIMAR GHOSH CHOUDHURY,West_Bengal,BAGNAN,INC,,23501,M,1,1,1,FALSE,FALSE,50.77,2270,4.9,,1
AEWB120898,3,0,1962,NIRUPAMA CHATTOPADHYAY,West_Bengal,BAGNAN,CPI,,21231,M,2,1,0,FALSE,FALSE,45.86,20058,43.33,,1
AEWB120900,3,0,1962,PANCHANAN MITRA,West_Bengal,BAGNAN,PSP,,386,M,4,1,0,FALSE,FALSE,0.83,0,0,,1
AEWB120901,3,0,1962,ARABINDA ROY,West_Bengal,UDAYNARAYANPUR,INC,,23565,M,1,1,1,FALSE,FALSE,50.16,7015,14.93,,1
AEWB120902,3,0,1962,JALADHAR BAGH,West_Bengal,UDAYNARAYANPUR,FB,,16550,M,2,1,0,FALSE,FALSE,35.23,11225,23.89,,1
AEWB120904,3,0,1962,GANDHI MAZUMDAR,West_Bengal,UDAYNARAYANPUR,SBP,,843,M,4,1,0,FALSE,FALSE,1.79,143,0.3,,1
AEWB120906,3,0,1962,TARAPADA PRAMANIK,West_Bengal,AMTA,INC,,23062,M,1,1,1,FALSE,FALSE,50.27,5087,11.09,,1
AEWB120907,3,0,1962,SAMAR MUKHERJEE,West_Bengal,AMTA,CPI,,17975,M,2,1,0,FALSE,FALSE,39.18,15509,33.81,,1
AEWB120908,3,0,1962,GOBINDA CHARAN MAJI,West_Bengal,AMTA,PSP,,2466,M,3,1,0,FALSE,FALSE,5.38,96,0.21,,1
AEWB120910,3,0,1962,BISWANATH SAHA,West_Bengal,JANGIPARA,INC,,16905,M,1,1,1,FALSE,FALSE,47.46,1557,4.37,,1
AEWB120911,3,0,1962,MAHADEB SABUI,West_Bengal,JANGIPARA,CPI,,15348,M,2,1,0,FALSE,FALSE,43.09,13202,37.07,,1
AEWB120913,3,0,1962,SAMIR BISWAS,West_Bengal,JANGIPARA,PSP,,1217,M,4,1,0,FALSE,FALSE,3.42,0,0,,1
AEWB120915,3,0,1962,MOHAMAD ABDUL LATIF,West_Bengal,CHANDITALA,CPI,,20919,M,2,1,0,FALSE,FALSE,47.49,18991,43.11,,1
AEWB120916,3,0,1962,SAILENDRA PRASAD GHOSH,West_Bengal,CHANDITALA,PSP,,1928,M,3,1,0,FALSE,FALSE,4.38,0,0,,1
AEWB120917,3,0,1962,MONORANJAN HAZRA,West_Bengal,UTTARPARA,CPI,,25033,M,1,1,1,FALSE,FALSE,52.84,4295,9.07,,1
AEWB120918,3,0,1962,SUBRATA KUMAR DINDA,West_Bengal,UTTARPARA,INC,,20738,M,2,1,0,FALSE,FALSE,43.77,19131,40.38,,1
AEWB120920,3,0,1962,PANCHU GOPAL BHADURI,West_Bengal,SERAMPORE,CPI,,30887,M,1,1,1,FALSE,FALSE,51.39,1674,2.79,,1
AEWB120922,3,0,1962,GIRIJA BHUSAN MUKHERJEE,West_Bengal,BHADRESWAR,CPI,,23137,M,1,1,1,FALSE,FALSE,52.71,4320,9.84,,1
AEWB120923,3,0,1962,BYOMKESH MAJUMDAR,West_Bengal,BHADRESWAR,INC,,18817,M,2,1,0,FALSE,FALSE,42.86,17820,40.59,,1
AEWB120924,3,0,1962,BIBHAS CHANDRA GHOSH,West_Bengal,BHADRESWAR,PSP,,997,M,3,1,0,FALSE,FALSE,2.27,328,0.75,,1
AEWB120925,3,0,1962,SACHINANDAN CHATTOPADHYAY,West_Bengal,BHADRESWAR,SBP,,669,M,4,1,0,FALSE,FALSE,1.52,390,0.89,,1
AEWB120929,3,0,1962,BHABANI MUKHAPADHYAY,West_Bengal,CHANDERNAGORE,CPI,,20532,M,1,1,1,FALSE,FALSE,50.06,843,2.06,,1
AEWB120930,3,0,1962,TARAK DAS DEY,West_Bengal,CHANDERNAGORE,INC,,19689,M,2,1,0,FALSE,FALSE,48.01,18897,46.08,,1
AEWB120931,3,0,1962,ABU SYEED,West_Bengal,CHANDERNAGORE,PSP,,792,M,3,1,0,FALSE,FALSE,1.93,0,0,,1
AEWB120932,3,0,1962,SAMBHU CHARAN GHOSE,West_Bengal,CHINSURAH,FB,,30575,M,1,1,1,FALSE,FALSE,51.4,3108,5.22,,1
AEWB120933,3,0,1962,BHUPATI MAJUMDAR,West_Bengal,CHINSURAH,INC,,27467,M,2,1,0,FALSE,FALSE,46.17,26023,43.75,,1
AEWB120935,3,0,1962,BRINDABAN CHATTOPADHYYA,West_Bengal,BALAGARH,INC,,24823,M,1,1,1,FALSE,FALSE,56.76,9333,21.34,,1
AEWB120936,3,0,1962,BIJOY KRISHNA MODAK,West_Bengal,BALAGARH,CPI,,15490,M,2,1,0,FALSE,FALSE,35.42,12072,27.61,,1
AEWB120938,3,0,1962,RADHA NATH DAS,West_Bengal,PANDUA,INC,,18365,M,1,1,1,FALSE,FALSE,55.15,6367,19.12,,1
AEWB120939,3,0,1962,BASUDEV SHEE,West_Bengal,PANDUA,CPI,,11998,M,2,1,0,FALSE,FALSE,36.03,10291,30.9,,1
AEWB120942,3,0,1962,BIRENDRA CHAUDHURY,West_Bengal,DHANIAKHALI,INC,,21782,M,1,1,1,FALSE,FALSE,45.86,5473,11.52,,1
AEWB120943,3,0,1962,RAM CHATTERJEE,West_Bengal,DHANIAKHALI,IND,,16309,M,2,1,0,FALSE,FALSE,34.34,8263,17.4,,1
AEWB120945,3,0,1962,AJIT KUMAR BASU MALLICK,West_Bengal,DHANIAKHALI,PSP,,1362,M,4,1,0,FALSE,FALSE,2.87,0,0,,1
AEWB120946,3,0,1962,PARBATI CHARAN HAZRA,West_Bengal,TARAKESWAR,INC,,22110,M,1,1,1,FALSE,FALSE,50.3,3543,8.06,,1
AEWB120949,3,0,1962,BANSANTA CHAKRABORTY,West_Bengal,TARAKESWAR,PSP,,1581,M,4,1,0,FALSE,FALSE,3.6,0,0,,1
AEWB120950,3,0,1962,KRISHNA PADA PANDIT,West_Bengal,KHANAKUL,INC,,25999,M,1,1,1,FALSE,FALSE,60.95,10700,25.08,,1
AEWB120953,3,0,1962,PRAFULLA CHANDRA SEN,West_Bengal,ARAMBAGH EAST,INC,,34613,M,1,1,1,FALSE,FALSE,69.33,19593,39.24,,1
AEWB120956,3,0,1962,RADHA KRISHNA PAL,West_Bengal,ARAMBAGH WEST,INC,,17284,M,1,1,1,FALSE,FALSE,51.09,9357,27.66,,1
AEWB120957,3,0,1962,NIRMAL CHANDRA PAL,West_Bengal,ARAMBAGH WEST,IND,,7927,M,2,1,0,FALSE,FALSE,23.43,2406,7.11,,1
AEWB120958,3,0,1962,CHANDI CHARAN DUTTA,West_Bengal,ARAMBAGH WEST,FB,,5521,M,3,1,0,FALSE,FALSE,16.32,2422,7.16,,1
AEWB120960,3,0,1962,INDRAJIT ROY,West_Bengal,CHANDRAKONA,INC,,21420,M,1,1,1,FALSE,FALSE,54.16,3293,8.33,,1
AEWB120961,3,0,1962,SATYESWAR SINGHA,West_Bengal,CHANDRAKONA,CPI,,18127,M,2,1,0,FALSE,FALSE,45.84,0,0,,1
AEWB120962,3,0,1962,NAGEN DOLAI,West_Bengal,GHATAL,CPI,,24446,M,1,1,1,FALSE,FALSE,58.87,7370,17.75,,1
AEWB120963,3,0,1962,HARENDRA NATH DOLUI,West_Bengal,GHATAL,INC,,17076,M,2,1,0,FALSE,FALSE,41.13,0,0,,1
AEWB120967,3,0,1962,NETAI CHANDRA JANA,West_Bengal,DASPUR,SBP,,1054,M,4,1,0,FALSE,FALSE,2.35,0,0,,1
AEWB120968,3,0,1962,SYAMADAS BHATTACHIRYYA,West_Bengal,PANSKURA WEST,INC,,31849,M,1,1,1,FALSE,FALSE,53.91,4621,7.82,,1
AEWB120969,3,0,1962,OMAR ALI,West_Bengal,PANSKURA WEST,CPI,,27228,M,2,1,0,FALSE,FALSE,46.09,0,0,,1
AEWB120970,3,0,1962,RAJANI KANTA PRAMANIK,West_Bengal,PANSKURA EAST,INC,,28812,M,1,1,1,FALSE,FALSE,52.82,3075,5.64,,1
AEWB120971,3,0,1962,SUBAL BERA,West_Bengal,PANSKURA EAST,CPI,,25737,M,2,1,0,FALSE,FALSE,47.18,0,0,,1
AEWB120972,3,0,1962,AJOY KUMAR MUKHERJI,West_Bengal,TAMLUK,INC,,25993,M,1,1,1,FALSE,FALSE,52.39,2369,4.77,,1
AEWB120973,3,0,1962,DEVA PRASAD BHOWMIK,West_Bengal,TAMLUK,CPI,,23624,M,2,1,0,FALSE,FALSE,47.61,0,0,,1
AEWB120974,3,0,1962,ANANGA MOHAN DAS,West_Bengal,MAYNA,INC,,27600,M,1,1,1,FALSE,FALSE,50.04,740,1.34,,1
AEWB120975,3,0,1962,KANAI LAL BHOWMICK,West_Bengal,MAYNA,CPI,,26860,M,2,1,0,FALSE,FALSE,48.7,26166,47.44,,1
AEWB120977,3,0,1962,SUSHIL KUMAR DHARA,West_Bengal,MAHISHADAL,INC,,23920,M,1,1,1,FALSE,FALSE,53.14,2830,6.29,,1
AEWB120979,3,0,1962,MAHATAB CHAND DAS,West_Bengal,SUTAHATA,INC,,21549,M,1,1,1,FALSE,FALSE,56.52,9444,24.77,,1
AEWB120980,3,0,1962,HRIDAY NATH DAS,West_Bengal,SUTAHATA,PSP,,12105,M,2,1,0,FALSE,FALSE,31.75,7636,20.03,,1
AEWB120981,3,0,1962,RANAJIT KUMAR DAS,West_Bengal,SUTAHATA,FB,,4469,M,3,1,0,FALSE,FALSE,11.72,0,0,,1
AEWB120982,3,0,1962,PRABIR CHANDRA JANA,West_Bengal,NANDIGRAM SOUTH,INC,,30951,M,1,1,1,FALSE,FALSE,58.57,9056,17.14,,1
AEWB120984,3,0,1962,SUBODH CHANDRA MAITI,West_Bengal,NANDIGRAM NORTH,INC,,27185,M,1,1,1,FALSE,FALSE,55.42,8881,18.11,,1
AEWB120985,3,0,1962,PRASANTA KUMAR GAYEN,West_Bengal,NANDIGRAM NORTH,IND,,18304,M,2,1,0,FALSE,FALSE,37.32,14741,30.05,,1
AEWB120986,3,0,1962,HARENDRA PRADHAN,West_Bengal,NANDIGRAM NORTH,PSP,,3563,M,3,1,0,FALSE,FALSE,7.26,0,0,,1
AEWB120987,3,0,1962,ABHA MAITI,West_Bengal,BHAGABANPUR,INC,,36061,F,1,1,1,FALSE,FALSE,67.58,26702,50.04,,1
AEWB120988,3,0,1962,BASANTA KUMAR PANDA,West_Bengal,BHAGABANPUR,PSP,,9359,M,2,1,0,FALSE,FALSE,17.54,1415,2.65,,1
AEWB120989,3,0,1962,JATINDRA NATH ROY,West_Bengal,BHAGABANPUR,CPI,,7944,M,3,1,0,FALSE,FALSE,14.89,0,0,,1
AEWB120990,3,0,1962,ABANTI KUMAR DAS,West_Bengal,KHAJURI,INC,,28918,M,1,1,1,FALSE,FALSE,65.51,13690,31.01,,1
AEWB120991,3,0,1962,LAL BEHARI DAS,West_Bengal,KHAJURI,PSP,,15228,M,2,1,0,FALSE,FALSE,34.49,0,0,,1
AEWB120992,3,0,1962,BEJOY KRISHNA MAITY,West_Bengal,CONTAI NORTH,INC,,24004,M,1,1,1,FALSE,FALSE,54.07,12013,27.06,,1
AEWB120993,3,0,1962,SWADESH BHUSAN BHUMIA,West_Bengal,CONTAI NORTH,CPI,,11991,M,2,1,0,FALSE,FALSE,27.01,3589,8.08,,1
AEWB120994,3,0,1962,SUBODH GOPAL GUCHHAIT,West_Bengal,CONTAI NORTH,PSP,,8402,M,3,1,0,FALSE,FALSE,18.92,0,0,,1
AEWB120995,3,0,1962,SUDHIR CHANDRA DAS,West_Bengal,CONTAI SOUTH,PSP,,22565,M,1,1,1,FALSE,FALSE,51.06,936,2.12,,1
AEWB120998,3,0,1962,TRAILOKYA NATH PRODHAN,West_Bengal,RAMNAGAR,INC,,18656,M,2,1,0,FALSE,FALSE,48.8,0,0,,1
AEWB121000,3,0,1962,BIBHUTI BHUSAN PAHARI,West_Bengal,EGRA,PSP,,13872,M,2,1,0,FALSE,FALSE,30.47,0,0,,1
AEWB121002,3,0,1962,SISIR KUMAR DAS,West_Bengal,PATASPUR,PSP,,13819,M,2,1,0,FALSE,FALSE,27.59,3805,7.6,,1
AEWB121004,3,0,1962,CHARU CHANDRA MAHANTI,West_Bengal,DANTAN,INC,,24337,M,1,1,1,FALSE,FALSE,60.93,11547,28.91,,1
AEWB121005,3,0,1962,BASANT KUMAR PANIGRAHI,West_Bengal,DANTAN,IND,,12790,M,2,1,0,FALSE,FALSE,32.02,9974,24.97,,1
AEWB121006,3,0,1962,AMAL MAITY,West_Bengal,DANTAN,PSP,,2816,M,3,1,0,FALSE,FALSE,7.05,0,0,,1
AEWB121007,3,0,1962,KRISHNA PRASAD MANDAL,West_Bengal,NARAYANGARH,INC,,19047,M,1,1,1,FALSE,FALSE,62.77,11740,38.69,,1
AEWB121008,3,0,1962,BEJOY KUMAR GHORAI,West_Bengal,NARAYANGARH,CPI,,7307,M,2,1,0,FALSE,FALSE,24.08,3318,10.93,,1
AEWB121009,3,0,1962,ARUN CHANDRA JANA,West_Bengal,NARAYANGARH,PSP,,3989,M,3,1,0,FALSE,FALSE,13.15,0,0,,1
AEWB121010,3,0,1962,ADITYA KUMAR BAKURA,West_Bengal,SABANG,INC,,25535,M,1,1,1,FALSE,FALSE,53.01,2899,6.02,,1
AEWB121011,3,0,1962,GOURANGA CHANDRA SAMANTA,West_Bengal,SABANG,IND,,22636,M,2,1,0,FALSE,FALSE,46.99,0,0,,1
AEWB121012,3,0,1962,NARAYAN CHOUBEY,West_Bengal,KHARAGPUR,CPI,,18162,M,1,1,1,FALSE,FALSE,52.04,4476,12.83,,1
AEWB121014,3,0,1962,PENTAYYA P.,West_Bengal,KHARAGPUR,PSP,,1477,M,3,1,0,FALSE,FALSE,4.23,472,1.35,,1
AEWB121017,3,0,1962,MRITYUNJOY JANA,West_Bengal,KHARAGPUR LOCAL,INC,,16348,M,1,1,1,FALSE,FALSE,54.08,4437,14.68,,1
AEWB121018,3,0,1962,DEBEN DAS,West_Bengal,KHARAGPUR LOCAL,CPI,,11911,M,2,1,0,FALSE,FALSE,39.4,10293,34.05,,1
AEWB121019,3,0,1962,SATTAR ALI KHAN,West_Bengal,KHARAGPUR LOCAL,PSP,,1618,M,3,1,0,FALSE,FALSE,5.35,1264,4.18,,1
AEWB121021,3,0,1962,SYED SHAMSUL BARI,West_Bengal,MIDNAPORE,INC,,13034,M,1,1,1,FALSE,FALSE,39.15,911,2.74,,1
AEWB121022,3,0,1962,KAMAKSHYA CHARAN GHOSE,West_Bengal,MIDNAPORE,CPI,,12123,M,2,1,0,FALSE,FALSE,36.41,7249,21.77,,1
AEWB121026,3,0,1962,SANTOSH KUMAR MUKHERJEE,West_Bengal,DEBRA,INC,,17697,M,1,1,1,FALSE,FALSE,38.78,5993,13.13,,1
AEWB121027,3,0,1962,GANGA PADA KUAR,West_Bengal,DEBRA,PSP,,11704,M,2,1,0,FALSE,FALSE,25.65,3205,7.02,,1
AEWB121028,3,0,1962,BHABADEB MANDAL,West_Bengal,DEBRA,CPI,,8499,M,3,1,0,FALSE,FALSE,18.63,2235,4.9,,1
AEWB121031,3,0,1962,BANKIM ROY,West_Bengal,KESHPUR,INC,,22270,M,1,1,1,FALSE,FALSE,55.56,4460,11.13,,1
AEWB121032,3,0,1962,RABINDRA NATH MITRA,West_Bengal,KESHPUR,CPI,,17810,M,2,1,0,FALSE,FALSE,44.44,0,0,,1
AEWB121033,3,0,1962,TUSHAR TUDU,West_Bengal,GARHBETA,INC,,20568,F,1,1,1,FALSE,FALSE,59.3,8549,24.65,,1
AEWB121034,3,0,1962,DURGA PADA SAREN,West_Bengal,GARHBETA,CPI,,12019,M,2,1,0,FALSE,FALSE,34.65,10518,30.32,,1
AEWB121037,3,0,1962,NIRANJAN KHAMRAI,West_Bengal,SALBANI,INC,,13077,M,1,1,1,FALSE,FALSE,40.89,4269,13.35,,1
AEWB121038,3,0,1962,SUDHIR KUMAR PANDEY,West_Bengal,SALBANI,CPI,,8808,M,2,1,0,FALSE,FALSE,27.54,903,2.82,,1
AEWB121041,3,0,1962,CHINIBAS MURMU,West_Bengal,SALBANI,PSP,,663,M,5,1,0,FALSE,FALSE,2.07,398,1.24,,1
AEWB121043,3,0,1962,SURENDRA NATH MAHTA,West_Bengal,GOPIBALLAVPUR,INC,,14553,M,1,1,1,FALSE,FALSE,48.74,3369,11.28,,1
AEWB121049,3,0,1962,ISWAR MANDI,West_Bengal,NAYAGRAM,PSP,,4184,M,2,1,0,FALSE,FALSE,26.69,2590,16.52,,1
AEWB121054,3,0,1962,MAHENDRA NATH MAHATA,West_Bengal,JHARGRAM,INC,,13516,M,1,1,1,FALSE,FALSE,43.54,2251,7.25,,1
AEWB121055,3,0,1962,SIVAPADA ROY,West_Bengal,JHARGRAM,PSP,,11265,M,2,1,0,FALSE,FALSE,36.29,7917,25.5,,1
AEWB121059,3,0,1962,MANGAL CHANDRA SAREN,West_Bengal,BINPUR,INC,,10650,M,1,1,1,FALSE,FALSE,48.72,5699,26.07,,1
AEWB121065,3,0,1962,SARADA PRASAD KISKU,West_Bengal,BANDUAN,INC,,10003,M,2,1,0,FALSE,FALSE,43.4,0,0,,1
AEWB121067,3,0,1962,PRAHLAD CHANDRA CHAKRAVARTY,West_Bengal,MANBAZAR,IND,,4802,M,2,1,0,FALSE,FALSE,20.92,369,1.61,,1
AEWB121068,3,0,1962,SATYAKINKAR MAHATO,West_Bengal,MANBAZAR,INC,,4433,M,3,1,0,FALSE,FALSE,19.31,1351,5.89,,1
AEWB121069,3,0,1962,NAKUL CHANDRA MAHATO,West_Bengal,MANBAZAR,CPI,,3082,M,4,1,0,FALSE,FALSE,13.43,0,0,,1
AEWB121070,3,0,1962,PADAK MAHATA,West_Bengal,BALARAMPUR,LSS,,6098,M,1,1,1,FALSE,FALSE,34.2,30,0.17,,1
AEWB121071,3,0,1962,UMESH CHANDRA MAHATO,West_Bengal,BALARAMPUR,CPI,,6068,M,2,1,0,FALSE,FALSE,34.03,1380,7.74,,1
AEWB121072,3,0,1962,BHIM CHANDRA MAHATA,West_Bengal,BALARAMPUR,INC,,4688,M,3,1,0,FALSE,FALSE,26.29,3913,21.95,,1
AEWB121076,3,0,1962,MATILAL MAJHI,West_Bengal,ARSA,INC,,6155,M,2,1,0,FALSE,FALSE,28.94,3575,16.81,,1
AEWB121079,3,0,1962,KRISHNA PRASAD CHAUDHURY,West_Bengal,ARSA,LSS,,2004,M,5,1,0,FALSE,FALSE,9.42,66,0.31,,1
AEWB121081,3,0,1962,DEBENDRA NATH MAHATO,West_Bengal,JHALDA,INC,,15418,M,1,1,1,FALSE,FALSE,51.81,9180,30.85,,1
AEWB121082,3,0,1962,KESHAV CHANDRA MAHATA,West_Bengal,JHALDA,IND,,6238,M,2,1,0,FALSE,FALSE,20.96,1265,4.25,,1
AEWB121083,3,0,1962,AMARESH GUPTA,West_Bengal,JHALDA,CPI,,4973,M,3,1,0,FALSE,FALSE,16.71,3253,10.93,,1
AEWB121085,3,0,1962,HEM CHANDRA MAHATA,West_Bengal,JHALDA,LSS,,1410,M,5,1,0,FALSE,FALSE,4.74,0,0,,1
AEWB121086,3,0,1962,ADWAITA MANDAL,West_Bengal,JAIPUR,LSS,,7853,M,1,1,1,FALSE,FALSE,47.16,2525,15.16,,1
AEWB121087,3,0,1962,NAKUL CHANDRA SAHIS,West_Bengal,JAIPUR,INC,,5328,M,2,1,0,FALSE,FALSE,32,3643,21.88,,1
AEWB121088,3,0,1962,PRAHLAD BAURI,West_Bengal,JAIPUR,CPI,,1685,M,3,1,0,FALSE,FALSE,10.12,661,3.97,,1
AEWB121092,3,0,1962,TARA PADA ROY,West_Bengal,PURULIA,INC,,13588,M,1,1,1,FALSE,FALSE,46.18,3889,13.22,,1
AEWB121094,3,0,1962,AMULYA KARMAKAR,West_Bengal,PURULIA,CPI,,5405,M,3,1,0,FALSE,FALSE,18.37,4917,16.71,,1
AEWB121097,3,0,1962,NEPAL BAURI,West_Bengal,PARA,INC,,7521,M,1,1,1,FALSE,FALSE,45.49,2266,13.71,,1
AEWB121098,3,0,1962,BHARAT BAURI,West_Bengal,PARA,LSS,,5255,M,2,1,0,FALSE,FALSE,31.78,2807,16.98,,1
AEWB121099,3,0,1962,UPENDRA NATH MAJHI,West_Bengal,PARA,FB,,2448,M,3,1,0,FALSE,FALSE,14.81,1700,10.28,,1
AEWB121102,3,0,1962,SHANKAR NARAYAN SINGHADEO,West_Bengal,RAGHUNATHPURA,INC,,10201,M,1,1,1,FALSE,FALSE,54.18,7625,40.5,,1
AEWB121103,3,0,1962,CHITTA DAS GUPTA,West_Bengal,RAGHUNATHPURA,LSS,,2576,M,2,1,0,FALSE,FALSE,13.68,654,3.47,,1
AEWB121104,3,0,1962,MADHUSUDAN BANDOPADHYA,West_Bengal,RAGHUNATHPURA,FB,,1922,M,3,1,0,FALSE,FALSE,10.21,413,2.19,,1
AEWB121110,3,0,1962,LEDU MAJHI,West_Bengal,KASHIPURA,LSS,,3182,M,2,1,0,FALSE,FALSE,26.88,2253,19.03,,1
AEWB121111,3,0,1962,SANATAN MURMU,West_Bengal,KASHIPURA,FB,,929,M,3,1,0,FALSE,FALSE,7.85,153,1.29,,1
AEWB121114,3,0,1962,AJIT PRASAD SINGHADEO,West_Bengal,HURA,INC,,8793,M,1,1,1,FALSE,FALSE,39.09,1965,8.74,,1
AEWB121115,3,0,1962,SRIS CHANDRA BANEJRE,West_Bengal,HURA,LSS,,6828,M,2,1,0,FALSE,FALSE,30.35,1989,8.84,,1
AEWB121118,3,0,1962,ASHUTOSH MALLICK,West_Bengal,INDPUR,INC,,10654,M,1,1,1,FALSE,FALSE,47.2,1989,8.81,,1
AEWB121119,3,0,1962,NAGENDRA NATH MANDAL,West_Bengal,INDPUR,HMS,,8665,M,2,1,0,FALSE,FALSE,38.39,5412,23.98,,1
AEWB121121,3,0,1962,JALESWAR HANSDA,West_Bengal,RANIBANDH,CPI,,11724,M,1,1,1,FALSE,FALSE,54.66,6517,30.39,,1
AEWB121122,3,0,1962,JADU NATH MURMU,West_Bengal,RANIBANDH,INC,,5207,M,2,1,0,FALSE,FALSE,24.28,1407,6.56,,1
AEWB121125,3,0,1962,SUDHA RANI DUTTA,West_Bengal,RAIPUR,INC,,15451,M,1,1,1,FALSE,FALSE,46.49,5147,15.49,,1
AEWB121126,3,0,1962,BIBHUTI BHUSAN MANDAL,West_Bengal,RAIPUR,PSP,,10304,M,2,1,0,FALSE,FALSE,31,6563,19.75,,1
AEWB121130,3,0,1962,PURABI MUKHOPADHYAY,West_Bengal,TALANGRA,INC,,21219,F,1,1,1,FALSE,FALSE,55.94,7843,20.68,,1
AEWB121131,3,0,1962,HARASUNDAR SAHANIGRAHI,West_Bengal,TALANGRA,CPI,,13376,M,2,1,0,FALSE,FALSE,35.26,11705,30.86,,1
AEWB121134,3,0,1962,GAKUL BEHARI DAS,West_Bengal,ONDA,INC,,16748,M,1,1,1,FALSE,FALSE,52.82,7360,23.21,,1
AEWB121135,3,0,1962,RAM KRISHNA BISWAS,West_Bengal,ONDA,HMS,,9388,M,2,1,0,FALSE,FALSE,29.61,5120,16.15,,1
AEWB121139,3,0,1962,RADHIKA DHIBAR,West_Bengal,VISHNUPUR,CPI,,14919,M,1,1,1,FALSE,FALSE,45.47,206,0.63,,1
AEWB121140,3,0,1962,BINODER MAJI,West_Bengal,VISHNUPUR,INC,,14713,M,2,1,0,FALSE,FALSE,44.84,11533,35.15,,1
AEWB121142,3,0,1962,JAGANNATH KOLAY,West_Bengal,KOTULPUR,INC,,24337,M,1,1,1,FALSE,FALSE,79.18,19601,63.77,,1
AEWB121145,3,0,1962,GURU PADA KHAN,West_Bengal,PATRASAYER,INC,,17531,M,1,1,1,FALSE,FALSE,57.18,4403,14.36,,1
AEWB121146,3,0,1962,KAMLA KANTA BAGDI,West_Bengal,PATRASAYER,CPI,,13128,M,2,1,0,FALSE,FALSE,42.82,0,0,,1
AEWB121147,3,0,1962,PRAMATHA GHOSH,West_Bengal,BARJORA,CPI,,18369,M,1,1,1,FALSE,FALSE,52.66,6113,17.53,,1
AEWB121148,3,0,1962,BHABATARAN CHAKRABARTY,West_Bengal,BARJORA,INC,,12256,M,2,1,0,FALSE,FALSE,35.14,8000,22.94,,1
AEWB121150,3,0,1962,SISHURAM MONDAL,West_Bengal,GANGAJALGHATI,INC,,13193,M,1,1,1,FALSE,FALSE,50.06,30,0.11,,1
AEWB121151,3,0,1962,BIJOY KUMAR MANDAL,West_Bengal,GANGAJALGHATI,HMS,,13163,M,2,1,0,FALSE,FALSE,49.94,0,0,,1
AEWB121152,3,0,1962,ABONI BHATTACHARYYA,West_Bengal,BANKURA,CPI,,12069,M,1,1,1,FALSE,FALSE,34.9,577,1.67,,1
AEWB121153,3,0,1962,ANATH BANDHU ROY,West_Bengal,BANKURA,INC,,11492,M,2,1,0,FALSE,FALSE,33.23,473,1.37,,1
AEWB121155,3,0,1962,KAMLA KANTA HEMRAM,West_Bengal,CHHATNA,INC,,10715,M,1,1,1,FALSE,FALSE,56.52,3385,17.86,,1
AEWB121156,3,0,1962,ANATH BANDHU SAREN,West_Bengal,CHHATNA,IND,,7330,M,2,1,0,FALSE,FALSE,38.67,6418,33.86,,1
AEWB121158,3,0,1962,BIDHAN CHANDRA ROY,West_Bengal,SALTORA,INC,,9929,M,1,1,1,FALSE,FALSE,60.97,5417,33.26,,1
AEWB121159,3,0,1962,BISHWA NATH BONDAPADHYAY,West_Bengal,SALTORA,CPI,,4512,M,2,1,0,FALSE,FALSE,27.71,3425,21.03,,1
AEWB121162,3,0,1962,GOPIKARANJAN MITRA,West_Bengal,HIRAPUR,INC,,13793,M,1,1,1,FALSE,FALSE,49.81,3925,14.17,,1
AEWB121163,3,0,1962,CHANDRA SEKHAR MUKHERJEE,West_Bengal,HIRAPUR,CPI,,9868,M,2,1,0,FALSE,FALSE,35.63,6404,23.13,,1
AEWB121164,3,0,1962,BENARSI PRASAD JHA,West_Bengal,HIRAPUR,PSP,,3464,M,3,1,0,FALSE,FALSE,12.51,2897,10.46,,1
AEWB121166,3,0,1962,BIJOY PAL,West_Bengal,ASANSOL,CPI,,13141,M,1,1,1,FALSE,FALSE,43.7,4815,16.01,,1
AEWB121169,3,0,1962,S. SAJJAD HOSSAIN,West_Bengal,ASANSOL,SBP,,2496,M,4,1,0,FALSE,FALSE,8.3,824,2.74,,1
AEWB121170,3,0,1962,SANTIMOY AICH,West_Bengal,ASANSOL,PSP,,1672,M,5,1,0,FALSE,FALSE,5.56,1200,3.99,,1
AEWB121173,3,0,1962,TAHER HASSAIN,West_Bengal,KULTI,CPI,,6025,M,2,1,0,FALSE,FALSE,29.42,899,4.39,,1
AEWB121174,3,0,1962,SUDHIR KUMAR RUDRA,West_Bengal,KULTI,PSP,,5126,M,3,1,0,FALSE,FALSE,25.03,4157,20.3,,1
AEWB121178,3,0,1962,RAMKRISHNA ROY,West_Bengal,BARABANI,INC,,8222,M,2,1,0,FALSE,FALSE,36.83,3601,16.13,,1
AEWB121181,3,0,1962,TINKORI MONDAL,West_Bengal,JAMURIA,PSP,,6607,M,2,1,0,FALSE,FALSE,33.39,4831,24.42,,1
AEWB121182,3,0,1962,RAJANI KANTA DAS,West_Bengal,JAMURIA,FB,,1776,M,3,1,0,FALSE,FALSE,8.98,0,0,,1
AEWB121183,3,0,1962,LAKHAN BAGDI,West_Bengal,RANIGANJ,CPI,,12728,M,1,1,1,FALSE,FALSE,52.61,3110,12.85,,1
AEWB121184,3,0,1962,DHAJADHARI MONDAL,West_Bengal,RANIGANJ,INC,,9618,M,2,1,0,FALSE,FALSE,39.75,7769,32.11,,1
AEWB121185,3,0,1962,BASANTA KUMAR MONDAL,West_Bengal,RANIGANJ,PSP,,1849,M,3,1,0,FALSE,FALSE,7.64,0,0,,1
AEWB121186,3,0,1962,ANANDA GOPAL MUKHOPADHYA,West_Bengal,DURGAPUR,INC,,20010,M,1,1,1,FALSE,FALSE,56.92,12622,35.9,,1
AEWB121187,3,0,1962,AJIT SEN,West_Bengal,DURGAPUR,FB,,7388,M,2,1,0,FALSE,FALSE,21.02,1019,2.9,,1
AEWB121188,3,0,1962,KAMALA KANTA CHATTOPAHYA,West_Bengal,DURGAPUR,PSP,,6369,M,3,1,0,FALSE,FALSE,18.12,4982,14.17,,1
AEWB121190,3,0,1962,MONORANJAN BAKSI,West_Bengal,AUSGRAM,IND,,8700,M,1,1,1,FALSE,FALSE,30.94,569,2.02,,1
AEWB121191,3,0,1962,LABANYA GOPAL GHATAK,West_Bengal,AUSGRAM,INC,,8131,M,2,1,0,FALSE,FALSE,28.92,1794,6.38,,1
AEWB121193,3,0,1962,DEBRANJAN SEN,West_Bengal,AUSGRAM,FB,,4324,M,4,1,0,FALSE,FALSE,15.38,3698,13.15,,1
AEWB121196,3,0,1962,SURADINDU SEKHAR GUPTA,West_Bengal,BHATAR,INC,,15407,M,2,1,0,FALSE,FALSE,40.05,13641,35.46,,1
AEWB121197,3,0,1962,SUNDAR GOPAL MITRA,West_Bengal,BHATAR,SBP,,1766,M,3,1,0,FALSE,FALSE,4.59,0,0,,1
AEWB121198,3,0,1962,KANAI LAL DAS,West_Bengal,GALSI,INC,,15591,M,1,1,1,FALSE,FALSE,54.95,2808,9.9,,1
AEWB121199,3,0,1962,PRAMATHA NATH DHIBAR,West_Bengal,GALSI,FB,,12783,M,2,1,0,FALSE,FALSE,45.05,0,0,,1
AEWB121200,3,0,1962,JAHAR LAL BANERJEE,West_Bengal,KHANDAGHOSH,INC,,14867,M,1,1,1,FALSE,FALSE,53.02,9541,34.03,,1
AEWB121201,3,0,1962,PHAKIR CHANDRA ROY,West_Bengal,KHANDAGHOSH,IND,,5326,M,2,1,0,FALSE,FALSE,19,2518,8.98,,1
AEWB121202,3,0,1962,ABDUL MANNAN,West_Bengal,KHANDAGHOSH,PSP,,2808,M,3,1,0,FALSE,FALSE,10.01,676,2.41,,1
AEWB121203,3,0,1962,MAHAMMAD ABDUS SATTAR,West_Bengal,KHANDAGHOSH,SBP,,2132,M,4,1,0,FALSE,FALSE,7.6,723,2.58,,1
AEWB121207,3,0,1962,RADHARANI MAHATAB,West_Bengal,BURDWAN,INC,,34590,M,1,1,1,FALSE,FALSE,67.42,18649,36.35,,1
AEWB121208,3,0,1962,BENOY KRISHNA CHOWDHURY,West_Bengal,BURDWAN,CPI,,15941,M,2,1,0,FALSE,FALSE,31.07,15517,30.25,,1
AEWB121209,3,0,1962,SUBHAMAY SUR,West_Bengal,BURDWAN,SBP,,424,M,3,1,0,FALSE,FALSE,0.83,76,0.15,,1
AEWB121211,3,1,1963,B.K.CHOUDHURY,West_Bengal,BHRDWAN,COM,,17853,M,1,1,1,FALSE,FALSE,42.15,3348,7.9,,1
AEWB121212,3,1,1963,A.MUKHERJEE,West_Bengal,BHRDWAN,INC,,14505,M,2,1,0,FALSE,FALSE,34.25,4507,10.64,,1
AEWB121214,3,0,1962,PROBODH KUMAR GUHA,West_Bengal,RAINA,INC,,27191,M,1,1,1,FALSE,FALSE,66,14607,35.45,,1
AEWB121217,3,0,1962,MRITYUNJOY PRAMANIK,West_Bengal,JAMALPUR,INC,,22513,M,1,1,1,FALSE,FALSE,77.13,15837,54.26,,1
AEWB121218,3,0,1962,RADHAKANTA MALIK,West_Bengal,JAMALPUR,PSP,,6676,M,2,1,0,FALSE,FALSE,22.87,0,0,,1
AEWB121219,3,0,1962,SUCHAND SOREN,West_Bengal,MEMARI,CPI,,17129,M,1,1,1,FALSE,FALSE,50.18,125,0.37,,1
AEWB121220,3,0,1962,BAIDYANATH MAJHI,West_Bengal,MEMARI,INC,,17004,M,2,1,0,FALSE,FALSE,49.82,0,0,,1
AEWB121221,3,0,1962,HARE KRISHNA KONAR,West_Bengal,KALNA,CPI,,23924,M,1,1,1,FALSE,FALSE,53.36,3702,8.26,,1
AEWB121225,3,0,1962,NARAYAN CHANDRA CHAUDHURI,West_Bengal,MANTESWAR,INC,,19561,M,2,1,0,FALSE,FALSE,49.4,0,0,,1
AEWB121226,3,0,1962,BIMALANANDA TARKATIRTHA,West_Bengal,PURBASTHALI,INC,,21925,M,1,1,1,FALSE,FALSE,51.42,2616,6.14,,1
AEWB121229,3,0,1962,SUBODH CHOUDHURY,West_Bengal,KATWA,CPI,,24477,M,1,1,1,FALSE,FALSE,56.81,5865,13.61,,1
AEWB121230,3,0,1962,NITYANANDA THAKUR,West_Bengal,KATWA,INC,,18612,M,2,1,0,FALSE,FALSE,43.19,0,0,,1
AEWB121231,3,0,1962,NARAYANDAS DAS,West_Bengal,MANGALKOT,CPI,,18244,M,1,1,1,FALSE,FALSE,54.01,2711,8.03,,1
AEWB121232,3,0,1962,SANKAR DAS,West_Bengal,MANGALKOT,INC,,15533,M,2,1,0,FALSE,FALSE,45.99,0,0,,1
AEWB121233,3,0,1962,SHREEMOHAN THAKUR,West_Bengal,KETUGRAM,CPI,,13431,M,1,1,1,FALSE,FALSE,38.02,4558,12.9,,1
AEWB121234,3,0,1962,ABUL QASIM,West_Bengal,KETUGRAM,IND,,8873,M,2,1,0,FALSE,FALSE,25.12,651,1.84,,1
AEWB121235,3,0,1962,ABDUS SATTAR,West_Bengal,KETUGRAM,INC,,8222,M,3,1,0,FALSE,FALSE,23.27,3422,9.69,,1
AEWB121237,3,0,1962,RADHANATH CHATTORAJ,West_Bengal,LABHPUR,CPI,,14568,M,1,1,1,FALSE,FALSE,37.73,1776,4.6,,1
AEWB121238,3,0,1962,SATYANARAYAN BANDOPADHYAYA,West_Bengal,LABHPUR,IND,,12792,M,2,1,0,FALSE,FALSE,33.13,1545,4,,1
AEWB121239,3,0,1962,SANKAR RANJAN BANDOPADHYAYA,West_Bengal,LABHPUR,INC,,11247,M,3,1,0,FALSE,FALSE,29.13,0,0,,1
AEWB121240,3,0,1962,RADHA KRISHNA SINGHA,West_Bengal,BOLPUR,RSP,,25497,M,1,1,1,FALSE,FALSE,66.36,12571,32.72,,1
AEWB121241,3,0,1962,AMARENDRA NATH SARKAR,West_Bengal,BOLPUR,INC,,12926,M,2,1,0,FALSE,FALSE,33.64,0,0,,1
AEWB121242,3,0,1962,BHAKTI BHUSHAN MANDAL,West_Bengal,DUBRAJPUR,FB,,18095,M,1,1,1,FALSE,FALSE,57.29,4603,14.57,,1
AEWB121243,3,0,1962,KHAGENDRA NATH BANDOPADHYAYA,West_Bengal,DUBRAJPUR,INC,,13492,M,2,1,0,FALSE,FALSE,42.71,0,0,,1
AEWB121249,3,0,1962,BAIDYANATH BANERJEE,West_Bengal,SURI,INC,,18767,M,1,1,1,FALSE,FALSE,51.46,11065,30.34,,1
AEWB121251,3,0,1962,MIHIR LAL CHATTERJEE,West_Bengal,SURI,PSP,,7097,M,3,1,0,FALSE,FALSE,19.46,5267,14.44,,1
AEWB121253,3,0,1962,SUDHIR KUMAR GHOSH,West_Bengal,SURI,RSP,,1076,M,5,1,0,FALSE,FALSE,2.95,0,0,,1
AEWB121254,3,0,1962,BHUSAN HANSDAH,West_Bengal,MAHAMMAD BAZAR,INC,,7600,M,1,1,1,FALSE,FALSE,45.09,2633,15.62,,1
AEWB121255,3,0,1962,TURKU HANSDAH,West_Bengal,MAHAMMAD BAZAR,CPI,,4967,M,2,1,0,FALSE,FALSE,29.47,1795,10.65,,1
AEWB121256,3,0,1962,CHANDAN SAREN,West_Bengal,MAHAMMAD BAZAR,PSP,,3172,M,3,1,0,FALSE,FALSE,18.82,2318,13.75,,1
AEWB121260,3,0,1962,GOBARDHAN DAS,West_Bengal,MAYURESWAR,CPI,,11348,M,1,1,1,FALSE,FALSE,44.35,1323,5.17,,1
AEWB121265,3,0,1962,NIHARIKA MAJUMDAR,West_Bengal,RAMPURHAT,INC,,14072,F,1,1,1,FALSE,FALSE,49.77,3953,13.98,,1
AEWB121270,3,0,1962,SHIROMANI PRASAD,West_Bengal,NALHATI,INC,,9852,M,1,1,1,FALSE,FALSE,42.48,3370,14.53,,1
AEWB121271,3,0,1962,MAHIMA RANJAN HURY,West_Bengal,NALHATI,PSP,,6482,M,2,1,0,FALSE,FALSE,27.95,1270,5.48,,1
AEWB121273,3,0,1962,KRISHNA KUMAR MAL,West_Bengal,NALHATI,SBP,,1351,M,4,1,0,FALSE,FALSE,5.83,1058,4.56,,1
AEWB121275,3,0,1962,AHAMMAD SHAMSUDDIN,West_Bengal,MURARAI,RSP,,7296,M,1,1,1,FALSE,FALSE,38.1,666,3.48,,1
AEWB121276,3,0,1962,MD. YEAQUB HOSSAIN,West_Bengal,MURARAI,INC,,6630,M,2,1,0,FALSE,FALSE,34.62,1407,7.35,,1
AEWB121277,3,0,1962,SUBODH KUMAR CHATTOPADHYAY,West_Bengal,MURARAI,PSP,,5223,M,3,1,0,FALSE,FALSE,27.28,0,0,,1
AEWB121661,3,0,1962,PRATIVA MUKHERJEE,West_Bengal,SURI,SUC,,7702,F,2,1,0,FALSE,FALSE,21.12,605,1.66,,1
AEWB121678,3,0,1962,ILA MITRA,West_Bengal,MANICKTOLA,CPI,,23277,F,1,1,1,FALSE,FALSE,46,8493,16.78,,1
AEWB121717,3,0,1962,JNANENDRA NATH BISWAS,West_Bengal,HANSKHALI,CPI,,13157,M,2,1,0,FALSE,FALSE,30.22,1279,2.94,,1
AEWB121743,3,0,1962,JAYNARAYAN SHARMA,West_Bengal,KULTI,INC,,8055,M,1,1,1,FALSE,FALSE,39.33,2030,9.91,,1
AEWB121757,3,0,1962,ABUL HASHEM,West_Bengal,MAGRAHAT WEST,INC,,20214,M,1,1,1,FALSE,FALSE,51.21,6920,17.53,,1
AEWB121779,3,0,1962,GURAI SING,West_Bengal,BINPUR,PSP,,3624,M,3,1,0,FALSE,FALSE,16.58,2055,9.4,,1
AEWB125009,3,0,1962,DHIRENDRA NATH CHATTOPADHYAY,West_Bengal,BARANAGAR,INC,,27418,M,2,1,0,FALSE,FALSE,38.26,25933,36.18,,1
GEWB121637,3,0,1962,SAILENDRA NATH ADHIKARY,West_Bengal,BHAGAWANGOLA,PSP,,19991,M,1,1,1,FALSE,FALSE,55.03,6032,16.61,,1
GEWB121738,3,0,1962,BIJESH CHANDRA SEN,West_Bengal,BASIRHAT,INC,,24002,M,1,1,1,FALSE,FALSE,59.18,9865,24.32,,1
GEWB19320,3,0,1962,A. H. BESHTERWITCH,West_Bengal,MADARIHAT,RSP,,10974,M,1,1,1,FALSE,FALSE,38.31,130,0.45,,1
GEWB24543,3,0,1962,CHITTO BASU,West_Bengal,BARASAT,FB,,23487,M,2,1,0,FALSE,FALSE,43.99,20877,39.11,,1
GEWB29056,3,0,1962,ANANDA PRASAD PATHAK,West_Bengal,DARJEELING,CPI,,4619,M,2,1,0,FALSE,FALSE,24.85,1206,6.49,,1
GEWB34601,3,0,1962,GOPAL DAS NAG,West_Bengal,SERAMPORE,INC,,29213,M,2,1,0,FALSE,FALSE,48.61,0,0,,1
GEWB41810,3,0,1962,MONORANJAN SUR,West_Bengal,BASIRHAT,CPI,,14137,M,2,1,0,FALSE,FALSE,34.85,11716,28.89,,1
